trade_date,932365.CSI,980092.CNI
2012-12-31,,1000.0
2013-01-04,,996.8178
2013-01-07,,1002.3926
2013-01-08,,1002.7489
2013-01-09,,1009.6756
2013-01-10,,1010.125
2013-01-11,,988.5663
2013-01-14,,1013.3235
2013-01-15,,1021.78
2013-01-16,,1014.3441
2013-01-17,,1007.9313
2013-01-18,,1021.9398
2013-01-21,,1033.5111
2013-01-22,,1019.2718
2013-01-23,,1018.0477
2013-01-24,,999.5949
2013-01-25,,999.9956
2013-01-28,,1023.0857
2013-01-29,,1027.7197
2013-01-30,,1031.0249
2013-01-31,,1031.7184
2013-02-01,,1040.0931
2013-02-04,,1047.4696
2013-02-05,,1061.7338
2013-02-06,,1059.333
2013-02-07,,1057.4265
2013-02-08,,1069.5993
2013-02-18,,1071.753
2013-02-19,,1047.9929
2013-02-20,,1061.2918
2013-02-21,,1030.1055
2013-02-22,,1028.1121
2013-02-25,,1033.9542
2013-02-26,,1013.6843
2013-02-27,,1015.6095
2013-02-28,,1040.0854
2013-03-01,,1043.1935
2013-03-04,,1003.9598
2013-03-05,,1017.2798
2013-03-06,,1033.8527
2013-03-07,,1029.4722
2013-03-08,,1023.393
2013-03-11,,1019.9848
2013-03-12,,1002.3571
2013-03-13,,991.4603
2013-03-14,,1004.6394
2013-03-15,,1007.2966
2013-03-18,,991.4125
2013-03-19,,997.0085
2013-03-20,,1017.3925
2013-03-21,,1017.6182
2013-03-22,,1025.926
2013-03-25,,1018.6743
2013-03-26,,1005.5266
2013-03-27,,1002.647
2013-03-28,,984.3487
2013-03-29,,980.5696
2013-04-01,,979.1278
2013-04-02,,978.7107
2013-04-03,,976.5191
2013-04-08,,971.4236
2013-04-09,,975.889
2013-04-10,,974.8294
2013-04-11,,972.3301
2013-04-12,,967.178
2013-04-15,,953.3524
2013-04-16,,952.0325
2013-04-17,,956.7553
2013-04-18,,959.7364
2013-04-19,,979.6076
2013-04-22,,977.5507
2013-04-23,,952.5654
2013-04-24,,963.9041
2013-04-25,,952.0436
2013-04-26,,940.9741
2013-05-02,,937.2826
2013-05-03,,950.9419
2013-05-06,,965.5706
2013-05-07,,973.3065
2013-05-08,,975.1101
2013-05-09,,971.7687
2013-05-10,,975.3333
2013-05-13,,974.1365
2013-05-14,,960.5446
2013-05-15,,964.3989
2013-05-16,,972.42
2013-05-17,,991.3443
2013-05-20,,995.4081
2013-05-21,,997.9839
2013-05-22,,990.8519
2013-05-23,,981.9077
2013-05-24,,984.8597
2013-05-27,,985.7529
2013-05-28,,996.6474
2013-05-29,,999.8425
2013-05-30,,996.4566
2013-05-31,,987.3637
2013-06-03,,987.208
2013-06-04,,969.4489
2013-06-05,,965.6172
2013-06-06,,955.2774
2013-06-07,,938.3801
2013-06-13,,902.5963
2013-06-14,,904.3582
2013-06-17,,896.395
2013-06-18,,894.0382
2013-06-19,,892.8391
2013-06-20,,869.2076
2013-06-21,,865.6683
2013-06-24,,820.2018
2013-06-25,,816.497
2013-06-26,,812.7621
2013-06-27,,810.0583
2013-06-28,,814.3937
2013-07-01,,815.0151
2013-07-02,,820.5898
2013-07-03,,817.2522
2013-07-04,,828.3682
2013-07-05,,827.5297
2013-07-08,,800.3849
2013-07-09,,807.0171
2013-07-10,,828.8728
2013-07-11,,857.3506
2013-07-12,,842.2616
2013-07-15,,846.3377
2013-07-16,,851.7096
2013-07-17,,846.0915
2013-07-18,,835.4893
2013-07-19,,812.5543
2013-07-22,,819.8053
2013-07-23,,837.8232
2013-07-24,,833.3972
2013-07-25,,831.2014
2013-07-26,,831.3013
2013-07-29,,817.6131
2013-07-30,,822.8175
2013-07-31,,824.9191
2013-08-01,,841.5452
2013-08-02,,842.6832
2013-08-05,,854.4648
2013-08-06,,866.2558
2013-08-07,,861.3099
2013-08-08,,859.1934
2013-08-09,,863.0852
2013-08-12,,889.6585
2013-08-13,,888.3884
2013-08-14,,882.9837
2013-08-15,,879.5016
2013-08-16,,869.8105
2013-08-19,,878.1108
2013-08-20,,873.0127
2013-08-21,,874.6461
2013-08-22,,869.3803
2013-08-23,,863.8346
2013-08-26,,882.6117
2013-08-27,,890.1282
2013-08-28,,894.3917
2013-08-29,,892.4839
2013-08-30,,901.9614
2013-09-02,,904.1433
2013-09-03,,908.826
2013-09-04,,918.4526
2013-09-05,,916.2329
2013-09-06,,924.454
2013-09-09,,943.212
2013-09-10,,965.5488
2013-09-11,,971.1834
2013-09-12,,971.183
2013-09-13,,959.8592
2013-09-16,,955.389
2013-09-17,,929.859
2013-09-18,,937.0345
2013-09-23,,952.5602
2013-09-24,,953.6185
2013-09-25,,957.9864
2013-09-26,,931.5373
2013-09-27,,930.4506
2013-09-30,,933.5372
2013-10-08,,942.9914
2013-10-09,,944.4588
2013-10-10,,943.1913
2013-10-11,,959.3642
2013-10-14,,971.096
2013-10-15,,976.5521
2013-10-16,,959.0281
2013-10-17,,954.1617
2013-10-18,,956.5251
2013-10-21,,976.672
2013-10-22,,967.6095
2013-10-23,,946.5357
2013-10-24,,944.1651
2013-10-25,,929.4368
2013-10-28,,933.791
2013-10-29,,930.4551
2013-10-30,,956.2098
2013-10-31,,944.7931
2013-11-01,,945.6379
2013-11-04,,948.8834
2013-11-05,,951.6134
2013-11-06,,942.2645
2013-11-07,,933.5544
2013-11-08,,923.2408
2013-11-11,,921.6777
2013-11-12,,929.3596
2013-11-13,,908.394
2013-11-14,,915.0711
2013-11-15,,931.197
2013-11-18,,955.538
2013-11-19,,953.9746
2013-11-20,,960.2205
2013-11-21,,960.5533
2013-11-22,,954.0443
2013-11-25,,950.9864
2013-11-26,,953.7261
2013-11-27,,960.9291
2013-11-28,,970.297
2013-11-29,,969.7421
2013-12-02,,951.5773
2013-12-03,,969.7563
2013-12-04,,986.4558
2013-12-05,,988.9446
2013-12-06,,986.9955
2013-12-09,,990.9456
2013-12-10,,999.806
2013-12-11,,985.1067
2013-12-12,,980.4096
2013-12-13,,983.4327
2013-12-16,,965.738
2013-12-17,,957.2174
2013-12-18,,954.0208
2013-12-19,,946.6315
2013-12-20,,928.0358
2013-12-23,,931.6932
2013-12-24,,938.0266
2013-12-25,,940.6323
2013-12-26,,922.1927
2013-12-27,,935.0178
2013-12-30,,932.4943
2013-12-31,1000.0,940.4824
2014-01-02,997.1694,936.1346
2014-01-03,983.8806,921.3825
2014-01-06,954.2095,897.3008
2014-01-07,953.0437,895.759
2014-01-08,951.0168,894.7305
2014-01-09,939.0182,882.7531
2014-01-10,936.168,877.2943
2014-01-13,934.4549,873.2868
2014-01-14,947.2925,885.9603
2014-01-15,947.5678,882.0334
2014-01-16,952.2297,885.5448
2014-01-17,940.8488,872.0261
2014-01-20,934.0808,872.308
2014-01-21,947.0273,881.7644
2014-01-22,969.0903,901.7701
2014-01-23,970.7763,901.5212
2014-01-24,978.7259,907.1658
2014-01-27,970.2754,897.7332
2014-01-28,968.2078,895.9731
2014-01-29,975.1351,901.503
2014-01-30,967.5078,895.0595
2014-02-07,975.5134,899.1577
2014-02-10,997.4395,919.3474
2014-02-11,1001.9228,924.0033
2014-02-12,1004.2969,930.3287
2014-02-13,994.6171,925.2133
2014-02-14,1008.6931,932.2005
2014-02-17,1015.5165,940.2832
2014-02-18,1007.8138,935.3766
2014-02-19,1014.5344,941.7453
2014-02-20,1012.2226,941.8163
2014-02-21,996.3821,928.6427
2014-02-24,976.1873,907.901
2014-02-25,954.3432,888.5066
2014-02-26,958.8154,892.9804
2014-02-27,959.9902,891.7883
2014-02-28,970.7682,904.4406
2014-03-03,987.6561,921.21
2014-03-04,978.4849,914.9303
2014-03-05,973.0324,908.6616
2014-03-06,968.731,904.0359
2014-03-07,962.3414,900.5794
2014-03-10,930.0951,872.544
2014-03-11,930.9801,878.2309
2014-03-12,932.3746,880.433
2014-03-13,943.9206,891.4499
2014-03-14,936.2665,885.0383
2014-03-17,948.849,892.9472
2014-03-18,955.5368,898.2461
2014-03-19,955.4261,894.5529
2014-03-20,938.0913,878.1853
2014-03-21,965.2235,901.3324
2014-03-24,974.6643,908.2432
2014-03-25,985.3951,917.597
2014-03-26,980.8198,911.5117
2014-03-27,971.7604,901.9761
2014-03-28,971.1265,903.0116
2014-03-31,969.8742,903.0067
2014-04-01,978.1695,909.4479
2014-04-02,988.4822,917.3116
2014-04-03,978.4004,905.4093
2014-04-04,986.6007,913.8089
2014-04-08,1003.0367,929.6307
2014-04-09,1004.9049,932.0205
2014-04-10,1022.5843,943.6459
2014-04-11,1022.4357,948.2991
2014-04-14,1022.1389,948.5581
2014-04-15,1008.3929,933.7273
2014-04-16,1010.2669,935.2008
2014-04-17,1006.2368,931.2731
2014-04-18,1004.4139,928.8036
2014-04-21,988.7001,915.5109
2014-04-22,989.6511,916.697
2014-04-23,991.53,919.1278
2014-04-24,985.2142,913.905
2014-04-25,976.0021,904.7264
2014-04-28,960.4231,891.8618
2014-04-29,972.5273,902.45
2014-04-30,975.8466,904.1998
2014-05-05,979.1479,905.0758
2014-05-06,979.3589,905.2109
2014-05-07,969.7065,894.9126
2014-05-08,970.1243,895.5381
2014-05-09,964.9302,894.2637
2014-05-12,989.7234,914.533
2014-05-13,987.1267,911.9078
2014-05-14,985.2967,910.16
2014-05-15,973.4752,901.3228
2014-05-16,978.9898,905.1794
2014-05-19,974.7152,901.4292
2014-05-20,971.0129,899.7639
2014-05-21,978.899,906.0246
2014-05-22,977.0257,904.1623
2014-05-23,982.8583,906.7252
2014-05-26,984.3894,909.7784
2014-05-27,979.4364,907.2732
2014-05-28,985.2524,914.4074
2014-05-29,979.8642,910.8578
2014-05-30,983.4502,913.8593
2014-06-03,983.5043,914.0671
2014-06-04,973.0444,904.6761
2014-06-05,981.9728,912.9201
2014-06-06,976.0009,903.1176
2014-06-09,976.5785,903.5045
2014-06-10,985.6049,911.4278
2014-06-11,986.6546,912.7111
2014-06-12,981.0229,908.856
2014-06-13,987.6038,912.5214
2014-06-16,994.6953,917.7306
2014-06-17,981.7832,908.8662
2014-06-18,973.2221,905.2591
2014-06-19,959.0142,893.1392
2014-06-20,963.6176,896.0185
2014-06-23,955.6323,891.8283
2014-06-24,960.8729,896.8006
2014-06-25,957.1351,894.1308
2014-06-26,966.2771,901.5712
2014-06-27,972.8159,904.7262
2014-06-30,981.3586,912.1125
2014-07-01,980.9602,912.7748
2014-07-02,988.8958,918.5077
2014-07-03,1000.3573,926.073
2014-07-04,999.3246,925.6279
2014-07-07,997.2204,924.8292
2014-07-08,1003.4884,931.4695
2014-07-09,991.522,915.7857
2014-07-10,994.8125,923.0729
2014-07-11,997.9878,927.1659
2014-07-14,1018.0821,945.6854
2014-07-15,1018.0773,946.2401
2014-07-16,1020.151,955.0413
2014-07-17,1018.5183,953.0797
2014-07-18,1014.4896,956.2124
2014-07-21,1016.6712,952.264
2014-07-22,1027.3798,964.9149
2014-07-23,1032.7295,968.634
2014-07-24,1045.4074,978.5281
2014-07-25,1052.2632,987.8674
2014-07-28,1069.5351,998.4736
2014-07-29,1070.7012,997.1472
2014-07-30,1061.9969,990.7526
2014-07-31,1071.9398,999.2567
2014-08-01,1070.3085,994.3683
2014-08-04,1090.1658,1014.263
2014-08-05,1093.6553,1019.0507
2014-08-06,1091.4944,1018.6884
2014-08-07,1074.9197,1004.1526
2014-08-08,1073.4512,1004.0701
2014-08-11,1089.8783,1019.8905
2014-08-12,1088.2536,1020.178
2014-08-13,1089.2627,1021.7775
2014-08-14,1083.6645,1013.4191
2014-08-15,1093.3137,1022.5119
2014-08-18,1104.6871,1034.4329
2014-08-19,1101.7253,1031.8296
2014-08-20,1102.3054,1030.2217
2014-08-21,1097.4352,1024.9189
2014-08-22,1107.8952,1030.5461
2014-08-25,1102.9287,1023.572
2014-08-26,1097.8488,1016.8048
2014-08-27,1099.8993,1016.6688
2014-08-28,1091.299,1007.681
2014-08-29,1106.0115,1020.6304
2014-09-01,1118.7086,1031.9329
2014-09-02,1132.9256,1042.3748
2014-09-03,1142.0936,1053.9932
2014-09-04,1151.956,1063.4557
2014-09-05,1168.4755,1073.253
2014-09-09,1167.6688,1076.6435
2014-09-10,1162.1362,1074.2826
2014-09-11,1160.3779,1068.5891
2014-09-12,1168.4905,1077.535
2014-09-15,1174.816,1081.8931
2014-09-16,1146.2861,1057.9909
2014-09-17,1149.9031,1060.6557
2014-09-18,1153.5036,1066.7729
2014-09-19,1161.3713,1073.9804
2014-09-22,1142.1777,1058.707
2014-09-23,1154.3438,1071.027
2014-09-24,1167.8461,1087.0871
2014-09-25,1169.9628,1094.7689
2014-09-26,1171.0824,1097.918
2014-09-29,1177.0719,1104.6587
2014-09-30,1177.7546,1104.8431
2014-10-08,1185.917,1114.0383
2014-10-09,1188.7613,1116.4846
2014-10-10,1177.1354,1104.683
2014-10-13,1168.683,1098.7242
2014-10-14,1167.9312,1094.6585
2014-10-15,1170.8525,1102.6237
2014-10-16,1158.3452,1091.5654
2014-10-17,1150.5815,1085.8867
2014-10-20,1161.8194,1095.1502
2014-10-21,1158.1004,1091.5556
2014-10-22,1153.3999,1087.4371
2014-10-23,1136.9236,1073.2688
2014-10-24,1137.674,1071.9416
2014-10-27,1131.3287,1065.8192
2014-10-28,1154.7818,1089.6595
2014-10-29,1174.2531,1108.4957
2014-10-30,1192.4887,1119.92
2014-10-31,1200.4367,1133.6145
2014-11-03,1209.5058,1140.1247
2014-11-04,1210.0598,1145.0794
2014-11-05,1210.829,1146.8349
2014-11-06,1211.3905,1148.3336
2014-11-07,1203.6261,1147.8873
2014-11-10,1233.4264,1177.7452
2014-11-11,1213.6547,1162.5254
2014-11-12,1238.7168,1180.9664
2014-11-13,1233.1166,1180.3211
2014-11-14,1233.8467,1177.9156
2014-11-17,1237.6426,1181.9897
2014-11-18,1228.6278,1168.7178
2014-11-19,1224.8686,1168.1379
2014-11-20,1223.4593,1166.1831
2014-11-21,1238.0656,1181.7728
2014-11-24,1261.406,1200.9805
2014-11-25,1281.6318,1217.5925
2014-11-26,1283.7875,1220.4028
2014-11-27,1287.4488,1221.7538
2014-11-28,1291.046,1227.6906
2014-12-01,1290.526,1234.121
2014-12-02,1312.9336,1262.4157
2014-12-03,1331.6976,1276.0596
2014-12-04,1370.4394,1323.8087
2014-12-05,1343.1816,1312.7243
2014-12-08,1394.2469,1355.658
2014-12-09,1357.3575,1303.6654
2014-12-10,1423.069,1355.6587
2014-12-11,1431.0359,1356.1546
2014-12-12,1435.8309,1356.1186
2014-12-15,1442.0364,1368.3915
2014-12-16,1453.9352,1375.5837
2014-12-17,1450.7814,1376.6883
2014-12-18,1459.0671,1392.3469
2014-12-19,1505.2906,1430.7424
2014-12-22,1525.8694,1438.0917
2014-12-23,1453.4208,1374.1403
2014-12-24,1429.7075,1352.7224
2014-12-25,1471.0676,1385.1217
2014-12-26,1497.0308,1412.9396
2014-12-29,1504.902,1410.3113
2014-12-30,1490.3714,1392.5116
2014-12-31,1522.6633,1424.9824
2015-01-05,1598.8626,1500.8106
2015-01-06,1603.4313,1514.6092
2015-01-07,1603.2372,1518.7034
2015-01-08,1565.6472,1491.166
2015-01-09,1541.7092,1467.0078
2015-01-12,1505.8038,1440.5778
2015-01-13,1510.6945,1451.1178
2015-01-14,1502.2738,1437.7035
2015-01-15,1539.8617,1472.1012
2015-01-16,1547.0259,1480.7328
2015-01-19,1425.1312,1366.3946
2015-01-20,1455.6707,1405.5867
2015-01-21,1503.5088,1450.1853
2015-01-22,1515.9138,1453.0556
2015-01-23,1520.9015,1448.5267
2015-01-26,1553.0677,1472.063
2015-01-27,1535.4121,1461.9355
2015-01-28,1519.4232,1451.8889
2015-01-29,1517.4885,1452.3568
2015-01-30,1495.3621,1434.0943
2015-02-02,1463.1518,1402.4538
2015-02-03,1490.6734,1427.218
2015-02-04,1483.6213,1425.7246
2015-02-05,1452.676,1405.2539
2015-02-06,1411.2989,1365.5495
2015-02-09,1406.741,1359.0903
2015-02-10,1434.813,1388.936
2015-02-11,1437.0332,1400.9995
2015-02-12,1453.232,1408.6557
2015-02-13,1467.8808,1427.116
2015-02-16,1482.848,1444.1749
2015-02-17,1498.989,1463.6789
2015-02-25,1488.1087,1458.274
2015-02-26,1521.3435,1482.5134
2015-02-27,1526.5128,1492.4664
2015-03-02,1546.1639,1514.2948
2015-03-03,1506.8042,1483.6176
2015-03-04,1518.589,1499.097
2015-03-05,1497.6285,1481.3083
2015-03-06,1494.4246,1475.5503
2015-03-09,1513.9054,1498.6326
2015-03-10,1516.2312,1497.8596
2015-03-11,1517.2873,1496.0465
2015-03-12,1546.1428,1512.3096
2015-03-13,1562.7525,1527.9125
2015-03-16,1601.1436,1561.5176
2015-03-17,1626.0277,1582.0349
2015-03-18,1662.6044,1617.7976
2015-03-19,1663.9951,1624.944
2015-03-20,1667.2611,1629.9698
2015-03-23,1699.2301,1665.9391
2015-03-24,1710.6798,1665.5279
2015-03-25,1700.4795,1652.3889
2015-03-26,1696.7563,1652.5207
2015-03-27,1694.7289,1662.0843
2015-03-30,1746.5294,1709.6997
2015-03-31,1730.8297,1696.5787
2015-04-01,1762.096,1728.1355
2015-04-02,1774.6804,1741.3433
2015-04-03,1806.2832,1767.0133
2015-04-07,1849.0279,1808.6104
2015-04-08,1835.9071,1801.1257
2015-04-09,1800.9753,1775.5065
2015-04-10,1834.2365,1811.8194
2015-04-13,1886.5939,1857.5251
2015-04-14,1907.5647,1866.4984
2015-04-15,1860.133,1825.9372
2015-04-16,1907.2779,1879.09
2015-04-17,1954.4293,1931.8633
2015-04-20,1948.5608,1937.2753
2015-04-21,2003.4354,1984.3567
2015-04-22,2061.4275,2036.072
2015-04-23,2089.9876,2067.6049
2015-04-24,2066.6809,2041.9836
2015-04-27,2131.9749,2108.2736
2015-04-28,2098.2493,2054.4051
2015-04-29,2093.1474,2053.9799
2015-04-30,2094.773,2035.7433
2015-05-04,2187.0815,2094.7467
2015-05-05,2065.123,1973.5551
2015-05-06,2006.4215,1921.4287
2015-05-07,1928.664,1860.0927
2015-05-08,1980.5737,1902.8455
2015-05-11,2046.1729,1974.3939
2015-05-12,2080.4885,2009.8065
2015-05-13,2069.8092,1986.6171
2015-05-14,2064.3437,1992.2496
2015-05-15,2010.8118,1950.1732
2015-05-18,1993.6249,1940.1784
2015-05-19,2060.7967,1998.2599
2015-05-20,2076.9659,2014.0667
2015-05-21,2130.7251,2061.6958
2015-05-22,2187.2427,2125.4881
2015-05-25,2252.5185,2187.7616
2015-05-26,2293.7987,2235.0122
2015-05-27,2306.2539,2255.5527
2015-05-28,2157.5012,2110.6773
2015-05-29,2151.9532,2107.1915
2015-06-01,2276.5485,2233.7784
2015-06-02,2329.0054,2288.1801
2015-06-03,2323.0364,2274.1985
2015-06-04,2330.7918,2306.5482
2015-06-05,2394.4605,2367.3447
2015-06-08,2441.2518,2418.9705
2015-06-09,2470.8187,2464.3329
2015-06-10,2456.0744,2449.4708
2015-06-11,2462.0147,2455.5705
2015-06-12,2511.5294,2503.3228
2015-06-15,2486.4877,2484.6454
2015-06-16,2399.1191,2387.8098
2015-06-17,2468.8926,2440.704
2015-06-18,2414.1881,2378.4287
2015-06-19,2267.0513,2212.2846
2015-06-23,2357.4543,2253.6624
2015-06-24,2454.005,2337.5365
2015-06-25,2394.68,2252.3003
2015-06-26,2227.4349,2097.0659
2015-06-29,2221.4101,2043.992
2015-06-30,2329.1561,2141.3887
2015-07-01,2215.3315,2021.6371
2015-07-02,2101.3963,1899.2433
2015-07-03,1963.79,1773.8495
2015-07-06,1990.1632,1805.5798
2015-07-07,1947.4914,1774.5751
2015-07-08,1832.0629,1660.4188
2015-07-09,1964.1402,1797.7228
2015-07-10,2098.3806,1935.2987
2015-07-13,2175.5664,2004.3673
2015-07-14,2089.2998,1928.0261
2015-07-15,1997.2166,1827.2591
2015-07-16,2023.2676,1853.2815
2015-07-17,2089.717,1928.5933
2015-07-20,2076.8898,1919.4959
2015-07-21,2098.5701,1938.0241
2015-07-22,2095.1298,1940.299
2015-07-23,2136.9663,1989.9305
2015-07-24,2102.6972,1958.7743
2015-07-27,1942.0173,1792.1391
2015-07-28,1941.189,1759.9469
2015-07-29,2007.6753,1843.1739
2015-07-30,1939.6917,1782.1886
2015-07-31,1938.4532,1779.9717
2015-08-03,1957.2269,1787.3076
2015-08-04,2013.6589,1850.8116
2015-08-05,1978.8084,1818.3331
2015-08-06,1958.0197,1810.0998
2015-08-07,1991.7769,1844.4969
2015-08-10,2088.1506,1949.6104
2015-08-11,2083.985,1958.0794
2015-08-12,2069.9329,1959.1498
2015-08-13,2101.6878,1998.2156
2015-08-14,2094.847,1997.5002
2015-08-17,2117.4655,2024.1946
2015-08-18,1966.6157,1857.5846
2015-08-19,2004.971,1907.3984
2015-08-20,1943.1926,1857.0155
2015-08-21,1859.1469,1779.4365
2015-08-24,1704.7206,1623.7841
2015-08-25,1591.4417,1498.4837
2015-08-26,1574.6224,1462.5562
2015-08-27,1637.0052,1533.2759
2015-08-28,1720.7027,1628.0504
2015-08-31,1714.4641,1634.8749
2015-09-01,1697.8958,1611.8283
2015-09-02,1711.9072,1621.3958
2015-09-07,1658.3537,1572.0646
2015-09-08,1692.5951,1612.9205
2015-09-09,1722.5575,1652.4455
2015-09-10,1690.554,1620.5991
2015-09-11,1681.9548,1615.5255
2015-09-14,1628.1548,1570.2291
2015-09-15,1556.2484,1498.2685
2015-09-16,1651.1899,1590.404
2015-09-17,1603.0996,1547.6618
2015-09-18,1605.9047,1555.8311
2015-09-21,1632.0065,1583.1118
2015-09-22,1644.2603,1590.9187
2015-09-23,1599.1991,1551.5524
2015-09-24,1610.1297,1564.2837
2015-09-25,1574.1215,1541.0288
2015-09-28,1582.16,1542.2319
2015-09-29,1548.4913,1509.1439
2015-09-30,1559.0128,1514.3586
2015-10-08,1614.1533,1565.7512
2015-10-09,1627.7294,1581.0799
2015-10-12,1690.3402,1637.1365
2015-10-13,1692.3467,1635.9324
2015-10-14,1667.1762,1621.2099
2015-10-15,1705.5057,1660.2777
2015-10-16,1731.8432,1678.838
2015-10-19,1731.1182,1673.3186
2015-10-20,1745.1418,1692.7412
2015-10-21,1668.7226,1623.4644
2015-10-22,1709.5602,1654.1092
2015-10-23,1731.3623,1671.5553
2015-10-26,1736.4348,1679.7464
2015-10-27,1730.9682,1669.9158
2015-10-28,1706.4179,1646.6359
2015-10-29,1717.9268,1653.0706
2015-10-30,1711.6448,1641.7255
2015-11-02,1687.991,1608.9487
2015-11-03,1684.6705,1608.3068
2015-11-04,1756.4505,1673.9949
2015-11-05,1794.6169,1711.1193
2015-11-06,1820.5217,1728.325
2015-11-09,1846.8206,1749.2951
2015-11-10,1837.7557,1744.0296
2015-11-11,1838.0552,1749.097
2015-11-12,1822.1563,1729.8812
2015-11-13,1802.7235,1709.3094
2015-11-16,1799.5056,1712.5055
2015-11-17,1801.7455,1711.4914
2015-11-18,1777.7169,1695.2105
2015-11-19,1801.2439,1717.6002
2015-11-20,1801.1336,1718.2755
2015-11-23,1788.6999,1703.0559
2015-11-24,1787.7415,1698.2279
2015-11-25,1801.803,1711.3521
2015-11-26,1798.0577,1706.1586
2015-11-27,1701.2389,1614.7203
2015-11-30,1701.4647,1621.0036
2015-12-01,1719.3641,1628.3594
2015-12-02,1777.8067,1668.4306
2015-12-03,1783.7241,1675.9012
2015-12-04,1759.9764,1646.005
2015-12-07,1763.882,1648.9661
2015-12-08,1727.7548,1611.8152
2015-12-09,1727.9453,1613.6527
2015-12-10,1722.0471,1605.9583
2015-12-11,1718.1739,1599.3806
2015-12-14,1759.7326,1640.9807
2015-12-15,1751.0117,1631.3518
2015-12-16,1749.5131,1633.4108
2015-12-17,1781.0319,1661.349
2015-12-18,1790.4369,1656.5312
2015-12-21,1849.442,1691.2357
2015-12-22,1855.0421,1694.4383
2015-12-23,1848.0941,1679.734
2015-12-24,1823.4352,1664.8139
2015-12-25,1828.4063,1672.3457
2015-12-28,1784.3299,1640.0985
2015-12-29,1803.777,1650.8483
2015-12-30,1801.8225,1656.9087
2015-12-31,1784.9326,1637.6955
2016-01-04,1662.371,1530.6826
2016-01-05,1667.0525,1531.4536
2016-01-06,1714.1714,1579.7025
2016-01-07,1602.6374,1463.0594
2016-01-08,1654.264,1510.6712
2016-01-11,1583.1865,1426.7507
2016-01-12,1587.3827,1424.6925
2016-01-13,1557.9301,1400.3087
2016-01-14,1581.6265,1420.3909
2016-01-15,1506.3934,1358.069
2016-01-18,1508.7554,1354.8834
2016-01-19,1554.6849,1395.6533
2016-01-20,1551.2122,1383.5041
2016-01-21,1499.9208,1340.9414
2016-01-22,1517.2674,1358.7759
2016-01-25,1525.4297,1367.7323
2016-01-26,1435.4833,1275.0198
2016-01-27,1423.2208,1269.4013
2016-01-28,1381.0809,1229.9305
2016-01-29,1418.037,1262.6322
2016-02-01,1397.3297,1239.2423
2016-02-02,1425.1574,1262.717
2016-02-03,1421.02,1257.0
2016-02-04,1439.7375,1274.572
2016-02-05,1434.3346,1266.7787
2016-02-15,1424.8852,1258.3908
2016-02-16,1466.0363,1299.2872
2016-02-17,1477.6032,1313.1868
2016-02-18,1475.3051,1314.0932
2016-02-19,1469.2161,1309.4883
2016-02-22,1501.0061,1343.5259
2016-02-23,1496.1819,1338.7947
2016-02-24,1511.4734,1357.0315
2016-02-25,1419.1661,1258.3268
2016-02-26,1442.5196,1284.4479
2016-02-29,1406.2097,1256.1724
2016-03-01,1426.6594,1277.5338
2016-03-02,1482.9311,1337.9843
2016-03-03,1484.3806,1336.3967
2016-03-04,1493.7576,1348.6956
2016-03-07,1506.3802,1358.7566
2016-03-08,1502.5426,1354.2251
2016-03-09,1478.6122,1330.2004
2016-03-10,1457.6957,1303.1201
2016-03-11,1459.8886,1308.0787
2016-03-14,1490.49,1336.1917
2016-03-15,1502.4105,1339.0083
2016-03-16,1502.3765,1344.6432
2016-03-17,1519.5973,1361.7867
2016-03-18,1536.5981,1376.18
2016-03-21,1560.9154,1395.5437
2016-03-22,1555.1242,1388.0343
2016-03-23,1553.6148,1389.12
2016-03-24,1532.0818,1362.0018
2016-03-25,1541.5929,1371.2339
2016-03-28,1539.6258,1364.0285
2016-03-29,1523.372,1350.0635
2016-03-30,1560.3224,1388.4779
2016-03-31,1567.9284,1395.3885
2016-04-01,1577.799,1406.1433
2016-04-05,1597.4376,1422.9307
2016-04-06,1593.2662,1423.3214
2016-04-07,1570.9742,1402.623
2016-04-08,1557.7543,1386.1934
2016-04-11,1575.524,1408.3348
2016-04-12,1564.8316,1399.6563
2016-04-13,1586.6141,1420.7852
2016-04-14,1594.6713,1427.5147
2016-04-15,1588.8188,1419.6338
2016-04-18,1570.9639,1398.0832
2016-04-19,1575.0057,1399.1623
2016-04-20,1541.9146,1361.1455
2016-04-21,1524.5175,1352.071
2016-04-22,1528.5206,1356.6066
2016-04-25,1526.0264,1351.6761
2016-04-26,1533.1301,1358.8487
2016-04-27,1531.102,1354.3165
2016-04-28,1525.0122,1349.2535
2016-04-29,1522.6056,1349.6457
2016-05-03,1551.2737,1379.189
2016-05-04,1566.4513,1384.4261
2016-05-05,1573.4044,1390.232
2016-05-06,1540.7454,1353.3779
2016-05-09,1510.8721,1319.5887
2016-05-10,1516.1396,1326.5373
2016-05-11,1539.2772,1340.6167
2016-05-12,1546.4352,1343.6556
2016-05-13,1533.2352,1331.0583
2016-05-16,1545.2681,1342.5466
2016-05-17,1531.0883,1334.5936
2016-05-18,1515.0132,1318.3254
2016-05-19,1511.1221,1315.7617
2016-05-20,1519.3279,1322.5592
2016-05-23,1528.054,1331.498
2016-05-24,1517.7037,1319.6062
2016-05-25,1504.5804,1312.1324
2016-05-26,1502.9333,1311.8285
2016-05-27,1505.2833,1311.5334
2016-05-30,1499.4396,1308.9241
2016-05-31,1541.5585,1347.9278
2016-06-01,1540.764,1349.8433
2016-06-02,1551.5237,1355.1032
2016-06-03,1559.9791,1361.7587
2016-06-06,1561.6623,1364.9278
2016-06-07,1561.0508,1361.7977
2016-06-08,1551.3516,1355.4085
2016-06-13,1510.4046,1314.7494
2016-06-14,1513.94,1317.5438
2016-06-15,1533.428,1340.5505
2016-06-16,1522.3447,1332.0226
2016-06-17,1535.5736,1342.009
2016-06-20,1538.7148,1344.909
2016-06-21,1533.0406,1336.9183
2016-06-22,1545.7867,1348.1946
2016-06-23,1534.1996,1340.2874
2016-06-24,1514.9568,1316.8131
2016-06-27,1538.8108,1334.3101
2016-06-28,1540.7849,1337.4878
2016-06-29,1544.6753,1343.2046
2016-06-30,1548.9411,1343.0903
2016-07-01,1550.2637,1341.6934
2016-07-04,1575.8359,1362.8286
2016-07-05,1588.4141,1381.282
2016-07-06,1597.887,1378.7104
2016-07-07,1589.9727,1381.1657
2016-07-08,1574.9285,1370.5751
2016-07-11,1589.573,1376.807
2016-07-12,1649.1419,1424.9839
2016-07-13,1647.9833,1442.4675
2016-07-14,1642.5638,1433.472
2016-07-15,1656.0328,1440.828
2016-07-18,1648.9655,1434.8724
2016-07-19,1633.8407,1423.6099
2016-07-20,1629.1067,1417.923
2016-07-21,1637.7529,1422.5156
2016-07-22,1617.2189,1407.2345
2016-07-25,1617.8521,1406.5666
2016-07-26,1644.4144,1429.333
2016-07-27,1627.9915,1421.6508
2016-07-28,1652.0723,1440.6296
2016-07-29,1645.5837,1427.5109
2016-08-01,1637.5814,1421.7856
2016-08-02,1639.0918,1427.0138
2016-08-03,1648.5091,1435.4349
2016-08-04,1641.0545,1429.5127
2016-08-05,1635.6409,1421.1968
2016-08-08,1648.5099,1434.6133
2016-08-09,1659.1015,1446.8887
2016-08-10,1651.2968,1440.5307
2016-08-11,1642.0313,1427.9703
2016-08-12,1657.1195,1448.1553
2016-08-15,1691.1153,1482.8298
2016-08-16,1685.9518,1486.2461
2016-08-17,1685.1176,1488.2733
2016-08-18,1675.7464,1486.1841
2016-08-19,1670.9476,1490.0017
2016-08-22,1659.209,1473.8038
2016-08-23,1659.8123,1476.2894
2016-08-24,1655.6682,1471.7871
2016-08-25,1648.4887,1460.27
2016-08-26,1648.8379,1461.7671
2016-08-29,1646.0811,1458.9861
2016-08-30,1641.5255,1455.5016
2016-08-31,1645.842,1455.2306
2016-09-01,1638.9443,1445.0791
2016-09-02,1651.9562,1454.1819
2016-09-05,1665.2778,1456.1042
2016-09-06,1680.2074,1463.4511
2016-09-07,1675.3935,1464.8924
2016-09-08,1675.2583,1467.3928
2016-09-09,1666.3069,1459.6722
2016-09-12,1643.4931,1439.5269
2016-09-13,1643.5374,1435.1849
2016-09-14,1627.4548,1421.9365
2016-09-19,1643.375,1431.7075
2016-09-20,1639.3558,1427.7241
2016-09-21,1637.0693,1426.8816
2016-09-22,1648.7024,1439.1315
2016-09-23,1644.4418,1437.7451
2016-09-26,1617.9894,1411.1106
2016-09-27,1627.1594,1414.7389
2016-09-28,1623.7725,1413.148
2016-09-29,1631.264,1418.1271
2016-09-30,1638.5325,1419.0443
2016-10-10,1655.7883,1443.262
2016-10-11,1662.8687,1463.2577
2016-10-12,1659.3487,1455.1784
2016-10-13,1654.0166,1453.3692
2016-10-14,1660.7674,1476.1099
2016-10-17,1648.3929,1464.5658
2016-10-18,1667.4186,1486.6859
2016-10-19,1666.8397,1494.1389
2016-10-20,1667.0409,1491.9944
2016-10-21,1670.3383,1494.1215
2016-10-24,1700.6709,1513.0461
2016-10-25,1708.0687,1513.6517
2016-10-26,1698.8178,1506.9872
2016-10-27,1691.9644,1499.2097
2016-10-28,1687.0741,1491.2685
2016-10-31,1689.31,1492.9661
2016-11-01,1698.707,1501.3662
2016-11-02,1685.154,1487.9595
2016-11-03,1691.0162,1503.5675
2016-11-04,1688.5498,1502.4748
2016-11-07,1699.9488,1510.7393
2016-11-08,1703.5161,1511.876
2016-11-09,1696.7299,1501.7366
2016-11-10,1712.32,1519.1777
2016-11-11,1722.5329,1536.8047
2016-11-14,1725.9183,1554.4176
2016-11-15,1723.1336,1545.5577
2016-11-16,1723.5224,1550.783
2016-11-17,1730.9806,1562.6637
2016-11-18,1713.0736,1546.4433
2016-11-21,1724.7159,1555.7487
2016-11-22,1742.1925,1569.6159
2016-11-23,1748.8815,1558.5878
2016-11-24,1764.4577,1563.0452
2016-11-25,1774.1718,1574.4149
2016-11-28,1799.7507,1593.8069
2016-11-29,1814.9191,1605.6992
2016-11-30,1790.3272,1596.4916
2016-12-01,1820.8526,1630.9419
2016-12-02,1803.2231,1614.8469
2016-12-05,1764.9135,1591.8861
2016-12-06,1762.9087,1583.9015
2016-12-07,1771.7111,1590.0214
2016-12-08,1769.3667,1597.6447
2016-12-09,1780.7538,1603.3058
2016-12-12,1742.9266,1563.6551
2016-12-13,1750.167,1578.9706
2016-12-14,1739.0368,1561.1653
2016-12-15,1716.698,1546.461
2016-12-16,1726.3991,1554.3009
2016-12-19,1721.5511,1556.1825
2016-12-20,1709.8275,1553.981
2016-12-21,1730.8857,1586.2861
2016-12-22,1731.6584,1594.6829
2016-12-23,1713.0691,1585.5242
2016-12-26,1715.9618,1588.7539
2016-12-27,1711.2833,1576.6899
2016-12-28,1704.0606,1572.7907
2016-12-29,1704.6158,1569.0437
2016-12-30,1715.9107,1568.0548
2017-01-03,1733.7624,1578.163
2017-01-04,1759.4987,1600.2544
2017-01-05,1764.7387,1606.7216
2017-01-06,1768.9229,1610.1821
2017-01-09,1773.6808,1616.8292
2017-01-10,1781.5605,1627.3869
2017-01-11,1763.2323,1603.6522
2017-01-12,1755.9762,1597.8864
2017-01-13,1752.9675,1600.6448
2017-01-16,1753.8219,1601.3243
2017-01-17,1767.0766,1605.4587
2017-01-18,1781.142,1614.261
2017-01-19,1770.4299,1604.2343
2017-01-20,1783.6098,1612.1044
2017-01-23,1788.4999,1620.2055
2017-01-24,1803.2379,1628.7736
2017-01-25,1802.0322,1629.388
2017-01-26,1802.1111,1627.4672
2017-02-03,1792.9318,1617.8454
2017-02-06,1791.5286,1619.2973
2017-02-07,1786.3309,1615.8515
2017-02-08,1792.5572,1621.4427
2017-02-09,1802.2068,1630.3702
2017-02-10,1818.2087,1641.198
2017-02-13,1835.3248,1647.9224
2017-02-14,1834.0233,1650.8343
2017-02-15,1827.9929,1645.9042
2017-02-16,1839.6521,1652.5433
2017-02-17,1833.8912,1640.078
2017-02-20,1870.557,1670.863
2017-02-21,1869.6058,1674.0406
2017-02-22,1883.8354,1679.1955
2017-02-23,1868.9898,1666.2591
2017-02-24,1860.2402,1669.2924
2017-02-27,1836.4176,1647.8895
2017-02-28,1842.5221,1651.5676
2017-03-01,1848.284,1657.2098
2017-03-02,1839.3681,1646.564
2017-03-03,1834.4638,1642.6551
2017-03-06,1849.1961,1650.2177
2017-03-07,1854.5055,1648.249
2017-03-08,1852.1851,1645.1802
2017-03-09,1840.3731,1637.4592
2017-03-10,1843.3773,1631.4055
2017-03-13,1855.1892,1642.951
2017-03-14,1854.2586,1645.364
2017-03-15,1871.0162,1658.4839
2017-03-16,1876.456,1667.8348
2017-03-17,1860.2451,1654.6259
2017-03-20,1890.7477,1672.1462
2017-03-21,1929.9643,1686.2182
2017-03-22,1926.289,1686.8125
2017-03-23,1926.2272,1685.7239
2017-03-24,1936.5846,1699.1273
2017-03-27,1914.4441,1686.1377
2017-03-28,1911.7678,1680.5212
2017-03-29,1922.0777,1691.0536
2017-03-30,1908.6264,1687.388
2017-03-31,1920.9071,1686.006
2017-04-05,1939.2909,1708.4261
2017-04-06,1947.165,1722.6274
2017-04-07,1952.4747,1728.6054
2017-04-10,1949.7124,1727.9733
2017-04-11,1945.1208,1730.4135
2017-04-12,1937.6657,1727.0856
2017-04-13,1951.8528,1734.5289
2017-04-14,1933.6683,1718.6076
2017-04-17,1936.314,1716.7211
2017-04-18,1945.0888,1717.868
2017-04-19,1938.6737,1712.354
2017-04-20,1948.3101,1724.6257
2017-04-21,1944.7673,1720.4942
2017-04-24,1921.1553,1697.0456
2017-04-25,1945.3445,1705.1776
2017-04-26,1940.2411,1701.7684
2017-04-27,1946.8957,1704.5083
2017-04-28,1932.6608,1699.1407
2017-05-02,1934.6939,1700.7401
2017-05-03,1935.5323,1700.1673
2017-05-04,1928.0724,1694.8657
2017-05-05,1920.1004,1687.1073
2017-05-08,1897.8173,1674.08
2017-05-09,1899.3879,1672.0971
2017-05-10,1884.5257,1658.7537
2017-05-11,1903.6592,1672.353
2017-05-12,1905.9614,1677.2664
2017-05-15,1922.2133,1688.3126
2017-05-16,1945.6167,1706.0452
2017-05-17,1930.9448,1693.8202
2017-05-18,1924.3446,1691.2067
2017-05-19,1941.36,1701.1922
2017-05-22,1948.5714,1709.3124
2017-05-23,1961.9255,1722.7166
2017-05-24,1961.2968,1721.6164
2017-05-25,1977.1144,1735.2559
2017-05-26,1983.576,1738.5028
2017-05-31,1985.0292,1745.7513
2017-06-01,1994.5068,1753.8988
2017-06-02,1996.3813,1752.9667
2017-06-05,1992.3295,1745.7941
2017-06-06,2009.8751,1756.7474
2017-06-07,2033.6937,1775.1567
2017-06-08,2060.8798,1797.1256
2017-06-09,2062.9893,1799.9486
2017-06-12,2066.1794,1807.2408
2017-06-13,2067.2654,1804.093
2017-06-14,2044.4409,1785.9796
2017-06-15,2039.1297,1780.934
2017-06-16,2032.062,1774.374
2017-06-19,2053.3936,1793.6067
2017-06-20,2050.3391,1788.3065
2017-06-21,2077.8811,1807.6226
2017-06-22,2072.3176,1804.7207
2017-06-23,2096.6079,1816.0907
2017-06-26,2120.8071,1836.6834
2017-06-27,2122.4038,1833.7019
2017-06-28,2103.0602,1819.8269
2017-06-29,2117.5105,1827.6996
2017-06-30,2123.5126,1833.1941
2017-07-03,2110.6857,1834.2212
2017-07-04,2099.3867,1825.9261
2017-07-05,2110.5462,1836.1083
2017-07-06,2104.0189,1838.3079
2017-07-07,2096.2606,1837.3411
2017-07-10,2081.1513,1848.8874
2017-07-11,2098.2148,1844.2143
2017-07-12,2078.0147,1837.8308
2017-07-13,2080.583,1846.4512
2017-07-14,2080.3734,1848.7704
2017-07-17,2058.908,1825.6081
2017-07-18,2065.1232,1852.6683
2017-07-19,2086.9603,1878.4809
2017-07-20,2114.7749,1894.1687
2017-07-21,2119.1984,1900.2125
2017-07-24,2129.2333,1898.7994
2017-07-25,2121.4631,1887.2002
2017-07-26,2108.0804,1881.9013
2017-07-27,2099.6808,1872.6928
2017-07-28,2113.0575,1886.1179
2017-07-31,2121.8179,1903.2407
2017-08-01,2121.8532,1906.3021
2017-08-02,2114.9799,1895.5513
2017-08-03,2104.59,1891.7879
2017-08-04,2089.5604,1879.8299
2017-08-07,2116.5312,1900.1318
2017-08-08,2114.6105,1896.4177
2017-08-09,2138.6938,1908.4163
2017-08-10,2135.9337,1902.8728
2017-08-11,2087.8708,1853.1635
2017-08-14,2107.9364,1871.4877
2017-08-15,2104.0803,1869.1502
2017-08-16,2099.7342,1865.4932
2017-08-17,2112.0721,1879.0607
2017-08-18,2113.5646,1880.2361
2017-08-21,2135.5904,1895.7569
2017-08-22,2137.1518,1892.8667
2017-08-23,2127.0587,1881.2543
2017-08-24,2121.575,1869.9091
2017-08-25,2142.9048,1894.4636
2017-08-28,2156.0068,1907.7364
2017-08-29,2148.4745,1904.4598
2017-08-30,2155.2276,1918.2852
2017-08-31,2140.5256,1912.0678
2017-09-01,2166.3154,1918.0217
2017-09-04,2175.4141,1919.897
2017-09-05,2162.4544,1916.243
2017-09-06,2163.0569,1923.2739
2017-09-07,2146.7658,1907.8464
2017-09-08,2145.1517,1908.6477
2017-09-11,2147.3892,1916.2831
2017-09-12,2155.064,1916.6306
2017-09-13,2169.4714,1926.8824
2017-09-14,2159.9019,1918.5449
2017-09-15,2144.1567,1903.0381
2017-09-18,2146.99,1912.582
2017-09-19,2140.4995,1902.4112
2017-09-20,2147.334,1904.6989
2017-09-21,2142.1436,1893.0899
2017-09-22,2146.9627,1885.575
2017-09-25,2148.1797,1881.7692
2017-09-26,2153.7282,1890.6142
2017-09-27,2160.2153,1892.692
2017-09-28,2155.8345,1888.6471
2017-09-29,2158.3615,1894.1072
2017-10-09,2178.4459,1912.0114
2017-10-10,2181.8848,1915.0048
2017-10-11,2188.4125,1921.8303
2017-10-12,2184.6152,1917.1071
2017-10-13,2195.3346,1926.0438
2017-10-16,2191.6002,1919.6039
2017-10-17,2193.0236,1919.4645
2017-10-18,2214.6323,1932.1976
2017-10-19,2218.9563,1932.0384
2017-10-20,2209.7666,1928.0961
2017-10-23,2208.6604,1929.4139
2017-10-24,2223.6433,1947.3201
2017-10-25,2241.1501,1957.9466
2017-10-26,2250.7428,1973.712
2017-10-27,2265.1441,1984.2116
2017-10-30,2261.1437,1970.4311
2017-10-31,2263.5575,1970.4412
2017-11-01,2267.0681,1977.3968
2017-11-02,2265.9436,1976.5141
2017-11-03,2260.418,1970.7652
2017-11-06,2292.5461,1993.4569
2017-11-07,2304.8812,2001.8282
2017-11-08,2298.3599,2002.1359
2017-11-09,2327.9677,2023.6435
2017-11-10,2333.5138,2027.4699
2017-11-13,2350.7876,2038.7262
2017-11-14,2346.8567,2034.1011
2017-11-15,2337.0873,2031.1553
2017-11-16,2349.4251,2038.3724
2017-11-17,2343.2662,2032.8754
2017-11-20,2351.6047,2035.9614
2017-11-21,2369.8681,2045.9896
2017-11-22,2387.32,2058.825
2017-11-23,2326.099,2008.6097
2017-11-24,2328.4834,2008.141
2017-11-27,2300.9508,1990.539
2017-11-28,2317.6547,2000.5068
2017-11-29,2330.0702,2003.2513
2017-11-30,2315.5375,1992.6139
2017-12-01,2302.9869,1983.8153
2017-12-04,2311.9104,1990.3349
2017-12-05,2321.622,1997.9674
2017-12-06,2297.2414,1984.4694
2017-12-07,2266.1287,1958.5192
2017-12-08,2275.327,1967.0174
2017-12-11,2305.0631,1998.1297
2017-12-12,2273.8619,1978.0536
2017-12-13,2302.8288,1998.0363
2017-12-14,2297.0192,1990.13
2017-12-15,2270.6973,1971.8789
2017-12-18,2296.8689,1993.2678
2017-12-19,2314.5733,2002.4776
2017-12-20,2312.4555,2006.2073
2017-12-21,2329.137,2016.2453
2017-12-22,2338.9757,2021.7529
2017-12-25,2330.5542,2023.4371
2017-12-26,2333.4396,2022.5473
2017-12-27,2318.6661,2002.127
2017-12-28,2337.8794,2034.8553
2017-12-29,2336.942,2025.5124
2018-01-02,2390.2591,2065.7501
2018-01-03,2408.2764,2083.3273
2018-01-04,2442.7723,2105.3261
2018-01-05,2458.5797,2121.2082
2018-01-08,2503.114,2157.05
2018-01-09,2502.4754,2159.4614
2018-01-10,2518.9507,2167.173
2018-01-11,2491.2393,2141.7179
2018-01-12,2500.6143,2150.0618
2018-01-15,2482.3096,2133.2422
2018-01-16,2473.4994,2133.2925
2018-01-17,2464.6945,2122.2251
2018-01-18,2471.2927,2139.4062
2018-01-19,2489.0191,2141.7213
2018-01-22,2522.3994,2170.0665
2018-01-23,2543.0801,2182.9896
2018-01-24,2545.4045,2185.1402
2018-01-25,2560.1994,2192.8455
2018-01-26,2584.5596,2212.3156
2018-01-29,2589.3418,2201.0955
2018-01-30,2562.302,2177.595
2018-01-31,2559.5841,2184.2051
2018-02-01,2557.6358,2179.7517
2018-02-02,2633.6667,2225.776
2018-02-05,2642.1699,2232.405
2018-02-06,2542.743,2164.2316
2018-02-07,2478.9732,2117.4543
2018-02-08,2425.7832,2075.7638
2018-02-09,2310.5719,1981.6051
2018-02-12,2330.715,1998.2546
2018-02-13,2355.7503,2017.8925
2018-02-14,2384.8912,2036.2515
2018-02-22,2448.6874,2089.2974
2018-02-23,2469.2502,2108.3001
2018-02-26,2498.3299,2135.0209
2018-02-27,2436.0356,2092.8462
2018-02-28,2419.3722,2076.6313
2018-03-01,2419.8422,2081.9933
2018-03-02,2397.4597,2065.9576
2018-03-05,2389.8033,2059.633
2018-03-06,2427.326,2089.4455
2018-03-07,2396.3727,2066.511
2018-03-08,2414.6548,2085.1743
2018-03-09,2416.4574,2089.1824
2018-03-12,2436.9865,2104.9213
2018-03-13,2426.8618,2088.4831
2018-03-14,2432.4514,2091.7611
2018-03-15,2434.7331,2097.4487
2018-03-16,2410.9676,2078.7263
2018-03-19,2382.993,2064.1693
2018-03-20,2396.6028,2073.1554
2018-03-21,2382.0191,2062.8134
2018-03-22,2363.4829,2045.6925
2018-03-23,2310.7054,1999.2806
2018-03-26,2273.5008,1974.9971
2018-03-27,2293.4644,1991.2683
2018-03-28,2240.5907,1947.4167
2018-03-29,2288.8393,1983.2881
2018-03-30,2282.3213,1979.5998
2018-04-02,2273.7515,1975.9098
2018-04-03,2250.9994,1958.4878
2018-04-04,2246.2964,1952.6408
2018-04-09,2250.4939,1960.054
2018-04-10,2298.9525,2001.1107
2018-04-11,2311.3355,2009.5802
2018-04-12,2288.2551,1995.7111
2018-04-13,2275.7269,1988.197
2018-04-16,2240.1774,1958.2706
2018-04-17,2219.5817,1935.2784
2018-04-18,2236.3327,1957.9151
2018-04-19,2267.4784,1981.4849
2018-04-20,2241.1564,1959.2815
2018-04-23,2247.2736,1959.7747
2018-04-24,2289.9142,1996.4185
2018-04-25,2272.7934,1980.2318
2018-04-26,2256.0215,1965.5018
2018-04-27,2270.6137,1981.4249
2018-05-02,2263.1244,1972.8585
2018-05-03,2289.2062,1992.0889
2018-05-04,2284.042,1984.0829
2018-05-07,2324.6884,2018.924
2018-05-08,2333.7738,2023.9222
2018-05-09,2338.8608,2027.8737
2018-05-10,2353.0206,2040.7997
2018-05-11,2346.2002,2033.4527
2018-05-14,2354.0318,2040.2787
2018-05-15,2365.2954,2046.8432
2018-05-16,2354.3081,2034.9154
2018-05-17,2345.5897,2030.9889
2018-05-18,2400.9526,2080.5306
2018-05-21,2397.8984,2077.5772
2018-05-22,2388.8209,2072.9696
2018-05-23,2325.2812,2018.6776
2018-05-24,2318.7477,2013.8237
2018-05-25,2316.9009,2011.5192
2018-05-28,2323.4839,2012.5906
2018-05-29,2322.4172,2012.6393
2018-05-30,2270.3321,1963.4281
2018-05-31,2330.1222,2006.5266
2018-06-01,2322.8773,2001.9991
2018-06-04,2343.8621,2014.7609
2018-06-05,2334.7968,2007.9783
2018-06-06,2346.7588,2015.1242
2018-06-07,2342.3144,2012.9283
2018-06-08,2322.9938,1994.2786
2018-06-11,2316.4395,1982.7348
2018-06-12,2360.5044,2016.6411
2018-06-13,2343.0192,2011.9376
2018-06-14,2347.3509,2009.8392
2018-06-15,2349.0511,2012.634
2018-06-19,2260.7825,1964.838
2018-06-20,2267.2186,1963.4082
2018-06-21,2266.635,1958.8645
2018-06-22,2266.1622,1953.685
2018-06-25,2232.5401,1927.9367
2018-06-26,2199.1407,1898.4898
2018-06-27,2182.4514,1887.905
2018-06-28,2164.7114,1877.4232
2018-06-29,2204.2911,1906.5191
2018-07-02,2138.2164,1854.3162
2018-07-03,2135.6548,1855.4323
2018-07-04,2122.9876,1839.1207
2018-07-05,2102.9452,1829.3218
2018-07-06,2109.3233,1831.575
2018-07-09,2140.3804,1858.6643
2018-07-10,2160.1412,1864.2857
2018-07-11,2119.9665,1829.742
2018-07-12,2157.9918,1859.0094
2018-07-13,2159.8475,1862.1993
2018-07-16,2161.7951,1866.1919
2018-07-17,2140.0001,1854.4413
2018-07-18,2134.2207,1846.4664
2018-07-19,2149.7232,1855.5314
2018-07-20,2178.1739,1866.5107
2018-07-23,2219.1415,1896.1327
2018-07-24,2275.1513,1948.1653
2018-07-25,2269.0501,1941.4338
2018-07-26,2255.0136,1934.6705
2018-07-27,2259.2648,1926.8352
2018-07-30,2274.5154,1936.3145
2018-07-31,2275.1745,1937.8108
2018-08-01,2233.3395,1906.8525
2018-08-02,2207.3948,1879.6656
2018-08-03,2192.0895,1849.5871
2018-08-06,2173.8428,1838.4463
2018-08-07,2245.4481,1907.2603
2018-08-08,2230.0145,1887.5836
2018-08-09,2251.115,1908.9685
2018-08-10,2246.5339,1905.6333
2018-08-13,2249.0545,1907.3867
2018-08-14,2240.4581,1902.9096
2018-08-15,2190.7781,1863.6678
2018-08-16,2177.5671,1843.7125
2018-08-17,2150.1005,1823.2545
2018-08-20,2187.9238,1842.3416
2018-08-21,2205.1384,1863.1147
2018-08-22,2193.415,1846.9004
2018-08-23,2189.2615,1847.7298
2018-08-24,2182.1008,1842.5407
2018-08-27,2226.6408,1884.0672
2018-08-28,2234.3298,1891.2129
2018-08-29,2220.7636,1887.8992
2018-08-30,2196.3849,1867.0418
2018-08-31,2191.2312,1859.8167
2018-09-03,2174.4651,1850.6179
2018-09-04,2192.598,1869.8747
2018-09-05,2151.4361,1832.9945
2018-09-06,2147.4927,1818.3027
2018-09-07,2162.5253,1829.8875
2018-09-10,2133.9952,1808.5459
2018-09-11,2112.0869,1797.5185
2018-09-12,2099.5774,1793.0754
2018-09-13,2119.3018,1816.4146
2018-09-14,2118.1647,1814.2515
2018-09-17,2084.295,1786.1639
2018-09-18,2136.1759,1834.4121
2018-09-19,2159.9747,1847.3231
2018-09-20,2159.2376,1848.0558
2018-09-21,2214.9416,1886.8529
2018-09-25,2198.5937,1879.3884
2018-09-26,2218.8824,1894.0544
2018-09-27,2222.5585,1894.7845
2018-09-28,2235.8119,1909.2895
2018-10-08,2151.3063,1849.356
2018-10-09,2168.2876,1855.8574
2018-10-10,2181.8175,1872.1852
2018-10-11,2071.7195,1778.7403
2018-10-12,2105.936,1805.2119
2018-10-15,2067.7068,1774.7044
2018-10-16,2048.1492,1760.087
2018-10-17,2069.2336,1775.8779
2018-10-18,1997.4114,1716.532
2018-10-19,2045.1403,1749.848
2018-10-22,2126.3572,1810.858
2018-10-23,2070.4202,1772.6753
2018-10-24,2078.0772,1763.4982
2018-10-25,2070.897,1751.1226
2018-10-26,2086.7617,1758.9487
2018-10-29,2037.9507,1717.4356
2018-10-30,2045.6399,1717.5871
2018-10-31,2076.0178,1748.9321
2018-11-01,2072.9057,1753.4
2018-11-02,2116.2069,1801.3872
2018-11-05,2104.5549,1794.5239
2018-11-06,2099.7938,1791.8702
2018-11-07,2088.6847,1787.9916
2018-11-08,2087.2319,1783.5875
2018-11-09,2058.6414,1761.8422
2018-11-12,2079.068,1777.3103
2018-11-13,2089.2575,1785.7565
2018-11-14,2073.5991,1769.9903
2018-11-15,2095.3162,1788.9895
2018-11-16,2093.923,1800.657
2018-11-19,2109.6738,1815.8071
2018-11-20,2064.9889,1774.4689
2018-11-21,2065.4243,1774.3368
2018-11-22,2054.5434,1766.3053
2018-11-23,2001.426,1725.8914
2018-11-26,1990.6142,1721.9456
2018-11-27,1984.2329,1718.6334
2018-11-28,2005.1307,1731.9201
2018-11-29,1975.9323,1704.1163
2018-11-30,1990.5651,1717.1642
2018-12-03,2040.0085,1765.3334
2018-12-04,2047.997,1771.6004
2018-12-05,2031.4609,1756.848
2018-12-06,1993.8688,1719.0569
2018-12-07,2005.4799,1728.4614
2018-12-10,1994.5776,1718.5503
2018-12-11,1994.6487,1718.2693
2018-12-12,2003.1163,1731.764
2018-12-13,2032.0626,1768.0387
2018-12-14,2007.4618,1749.1137
2018-12-17,2016.2422,1758.8613
2018-12-18,1995.9189,1736.6489
2018-12-19,1977.939,1725.2035
2018-12-20,1970.4379,1717.725
2018-12-21,1959.6011,1708.9918
2018-12-24,1967.5669,1716.4332
2018-12-25,1936.9381,1691.6489
2018-12-26,1926.3132,1684.181
2018-12-27,1911.5257,1670.4201
2018-12-28,1912.6096,1670.1688
2019-01-02,1889.4455,1652.2233
2019-01-03,1885.183,1647.6656
2019-01-04,1912.8344,1673.7789
2019-01-07,1931.3041,1690.6232
2019-01-08,1939.4472,1695.1534
2019-01-09,1955.4051,1708.7075
2019-01-10,1946.2165,1703.2417
2019-01-11,1962.0188,1716.3047
2019-01-14,1963.5659,1713.3671
2019-01-15,1981.2499,1730.8522
2019-01-16,1985.3698,1732.1375
2019-01-17,1979.8385,1726.4781
2019-01-18,2014.2496,1753.6674
2019-01-21,2034.0381,1764.8409
2019-01-22,2003.2943,1739.9146
2019-01-23,2012.3091,1743.593
2019-01-24,2012.0068,1744.5287
2019-01-25,2019.1686,1750.5162
2019-01-28,2022.7115,1749.2449
2019-01-29,2035.0096,1757.5484
2019-01-30,2021.6613,1744.9395
2019-01-31,2037.3108,1755.0303
2019-02-01,2057.5214,1777.0247
2019-02-11,2081.2161,1800.6123
2019-02-12,2091.6803,1811.6479
2019-02-13,2130.0188,1842.1519
2019-02-14,2124.5882,1838.9749
2019-02-15,2092.1467,1811.3267
2019-02-18,2144.4481,1860.4385
2019-02-19,2137.5722,1853.8822
2019-02-20,2148.1578,1860.2447
2019-02-21,2131.5924,1847.4449
2019-02-22,2146.0614,1862.4565
2019-02-25,2240.26,1951.1073
2019-02-26,2242.7471,1952.9991
2019-02-27,2250.2557,1950.4296
2019-02-28,2246.0419,1946.2232
2019-03-01,2279.3614,1974.9945
2019-03-04,2302.3057,2002.0268
2019-03-05,2320.5731,2021.8933
2019-03-06,2349.7351,2042.6843
2019-03-07,2335.4232,2033.0205
2019-03-08,2229.5037,1937.8601
2019-03-11,2274.9549,1980.9783
2019-03-12,2308.521,2010.7978
2019-03-13,2271.4686,1981.1195
2019-03-14,2262.1739,1965.9583
2019-03-15,2289.6925,1994.026
2019-03-18,2352.2441,2051.5492
2019-03-19,2341.4827,2043.4705
2019-03-20,2347.6544,2048.5125
2019-03-21,2353.3506,2053.4567
2019-03-22,2359.655,2057.4501
2019-03-25,2298.4971,2004.6162
2019-03-26,2260.2046,1968.5173
2019-03-27,2286.1881,1989.1868
2019-03-28,2260.282,1965.334
2019-03-29,2315.185,2017.9487
2019-04-01,2388.5093,2090.7551
2019-04-02,2392.329,2101.0114
2019-04-03,2425.7189,2134.6438
2019-04-04,2450.1122,2151.669
2019-04-08,2498.8487,2194.9438
2019-04-09,2473.5892,2168.3738
2019-04-10,2477.9976,2160.4946
2019-04-11,2425.9587,2113.9583
2019-04-12,2425.6004,2114.6087
2019-04-15,2413.7848,2098.0855
2019-04-16,2467.6199,2149.3358
2019-04-17,2470.7833,2174.2225
2019-04-18,2462.1499,2195.217
2019-04-19,2495.0777,2188.261
2019-04-22,2450.6577,2142.3616
2019-04-23,2428.6797,2119.8565
2019-04-24,2436.4498,2125.7496
2019-04-25,2358.8645,2049.1796
2019-04-26,2321.8045,2024.7149
2019-04-29,2313.4534,1996.7802
2019-04-30,2330.4921,2013.3417
2019-05-06,2205.5954,1881.4213
2019-05-07,2224.1415,1897.7633
2019-05-08,2190.4417,1875.922
2019-05-09,2163.1047,1856.0164
2019-05-10,2225.5188,1911.4104
2019-05-13,2202.4157,1890.5627
2019-05-14,2188.9689,1875.3375
2019-05-15,2231.9122,1910.2727
2019-05-16,2254.5393,1925.1446
2019-05-17,2201.2375,1871.9103
2019-05-20,2188.6186,1864.6729
2019-05-21,2228.0108,1897.8673
2019-05-22,2216.153,1880.0649
2019-05-23,2194.8281,1858.9317
2019-05-24,2192.1045,1850.4116
2019-05-27,2217.3978,1881.1002
2019-05-28,2234.9095,1893.3855
2019-05-29,2222.5302,1890.5664
2019-05-30,2225.1302,1886.1309
2019-05-31,2196.2013,1865.1578
2019-06-03,2190.4585,1856.734
2019-06-04,2175.3435,1836.0992
2019-06-05,2181.4029,1839.2651
2019-06-06,2161.6542,1818.8904
2019-06-10,2184.9912,1819.9954
2019-06-11,2226.7799,1865.1094
2019-06-12,2210.8567,1849.3334
2019-06-13,2205.8698,1851.1843
2019-06-14,2185.0321,1830.0548
2019-06-17,2196.8269,1834.3023
2019-06-18,2196.2841,1835.3838
2019-06-19,2206.7655,1848.3873
2019-06-20,2245.801,1879.8935
2019-06-21,2253.4482,1890.2079
2019-06-24,2272.9324,1904.1706
2019-06-25,2250.5666,1883.725
2019-06-26,2247.8711,1882.8711
2019-06-27,2257.01,1885.5524
2019-06-28,2245.4698,1877.8225
2019-07-01,2293.2099,1918.9849
2019-07-02,2302.8865,1918.7355
2019-07-03,2282.8819,1901.4165
2019-07-04,2284.0029,1905.1101
2019-07-05,2286.5294,1906.7079
2019-07-08,2204.926,1853.9537
2019-07-09,2206.9961,1854.0452
2019-07-10,2182.7323,1835.7886
2019-07-11,2186.1994,1836.2304
2019-07-12,2193.9101,1849.4322
2019-07-15,2203.2717,1855.7124
2019-07-16,2204.5669,1856.0203
2019-07-17,2203.5827,1858.2746
2019-07-18,2173.065,1833.3864
2019-07-19,2190.8235,1847.486
2019-07-22,2160.8901,1825.525
2019-07-23,2167.8709,1832.9106
2019-07-24,2186.5176,1847.3902
2019-07-25,2189.3358,1854.9504
2019-07-26,2195.2684,1858.2169
2019-07-29,2190.7202,1854.4854
2019-07-30,2201.9559,1862.6913
2019-07-31,2178.6025,1848.8026
2019-08-01,2158.1831,1833.643
2019-08-02,2121.2402,1805.3762
2019-08-05,2072.8477,1771.326
2019-08-06,2025.9194,1735.774
2019-08-07,2024.6753,1730.2431
2019-08-08,2039.7323,1738.495
2019-08-09,2020.969,1723.0994
2019-08-12,2046.9412,1744.7664
2019-08-13,2024.9712,1724.1457
2019-08-14,2032.8819,1733.252
2019-08-15,2044.8507,1730.0674
2019-08-16,2042.8064,1731.6572
2019-08-19,2092.1749,1770.9992
2019-08-20,2098.8812,1775.335
2019-08-21,2099.1568,1771.7657
2019-08-22,2091.1161,1767.1063
2019-08-23,2098.2383,1772.1137
2019-08-26,2078.929,1753.6206
2019-08-27,2106.588,1773.65
2019-08-28,2101.3171,1766.3243
2019-08-29,2094.1159,1762.0655
2019-08-30,2082.2039,1756.0579
2019-09-02,2134.2934,1789.2401
2019-09-03,2141.69,1794.2969
2019-09-04,2176.7104,1819.8075
2019-09-05,2184.6537,1826.7252
2019-09-06,2202.577,1833.0233
2019-09-09,2221.6221,1847.9757
2019-09-10,2232.4738,1847.2514
2019-09-11,2221.9286,1848.0156
2019-09-12,2238.0407,1856.0605
2019-09-16,2233.8911,1863.5603
2019-09-17,2192.8721,1825.8887
2019-09-18,2190.2402,1821.0873
2019-09-19,2200.7531,1826.4264
2019-09-20,2197.2038,1827.1525
2019-09-23,2165.3428,1805.3429
2019-09-24,2169.9046,1805.2696
2019-09-25,2147.19,1785.7514
2019-09-26,2131.4112,1770.056
2019-09-27,2121.1643,1765.237
2019-09-30,2111.1457,1760.2245
2019-10-08,2119.3574,1767.5737
2019-10-09,2128.0229,1774.9007
2019-10-10,2141.4595,1783.8388
2019-10-11,2164.9247,1803.415
2019-10-14,2181.3979,1822.2981
2019-10-15,2161.0386,1800.2884
2019-10-16,2151.7484,1790.8824
2019-10-17,2145.5079,1783.5692
2019-10-18,2119.4086,1760.7296
2019-10-21,2113.2542,1756.9261
2019-10-22,2120.3601,1760.6934
2019-10-23,2105.0723,1749.5431
2019-10-24,2107.1001,1752.8115
2019-10-25,2111.3156,1759.9068
2019-10-28,2136.6369,1775.3887
2019-10-29,2117.2367,1760.7537
2019-10-30,2108.1911,1748.7058
2019-10-31,2098.8651,1735.3891
2019-11-01,2120.9279,1752.3351
2019-11-04,2142.1053,1756.225
2019-11-05,2147.2418,1767.147
2019-11-06,2135.2782,1759.5462
2019-11-07,2137.4529,1761.7859
2019-11-08,2126.3913,1752.0953
2019-11-11,2075.3808,1715.6643
2019-11-12,2085.0599,1719.794
2019-11-13,2074.5148,1710.4203
2019-11-14,2075.9039,1713.7357
2019-11-15,2049.0645,1695.2766
2019-11-18,2071.8791,1714.2002
2019-11-19,2103.4383,1735.9349
2019-11-20,2093.578,1729.2608
2019-11-21,2095.8782,1734.1755
2019-11-22,2105.0214,1742.5486
2019-11-25,2165.5661,1789.1919
2019-11-26,2141.9883,1773.2983
2019-11-27,2131.6742,1767.9907
2019-11-28,2118.2944,1757.1619
2019-11-29,2110.2032,1751.1461
2019-12-02,2116.8611,1754.6892
2019-12-03,2113.514,1757.6103
2019-12-04,2097.8454,1749.8246
2019-12-05,2109.1025,1758.242
2019-12-06,2118.3638,1763.3037
2019-12-09,2147.3011,1785.0912
2019-12-10,2143.2582,1783.1452
2019-12-11,2155.912,1786.978
2019-12-12,2137.1006,1773.1788
2019-12-13,2167.5205,1794.4901
2019-12-16,2181.9472,1809.1751
2019-12-17,2214.7903,1833.8982
2019-12-18,2208.5736,1828.5141
2019-12-19,2227.0468,1839.8497
2019-12-20,2216.2643,1829.4358
2019-12-23,2196.7811,1804.7555
2019-12-24,2220.0572,1822.0172
2019-12-25,2218.6949,1824.196
2019-12-26,2245.1322,1840.0911
2019-12-27,2252.7803,1847.8548
2019-12-30,2293.2495,1883.5131
2019-12-31,2321.813,1896.6894
2020-01-02,2354.3656,1924.7597
2020-01-03,2339.5761,1913.4581
2020-01-06,2331.1568,1899.2753
2020-01-07,2369.9138,1924.442
2020-01-08,2333.105,1889.4828
2020-01-09,2362.5253,1917.6009
2020-01-10,2360.3825,1910.1814
2020-01-13,2362.4167,1919.7331
2020-01-14,2364.6481,1922.8172
2020-01-15,2342.707,1905.6235
2020-01-16,2315.2732,1883.7895
2020-01-17,2315.8245,1885.662
2020-01-20,2314.6717,1880.6468
2020-01-21,2269.5823,1843.1613
2020-01-22,2266.4058,1845.6502
2020-01-23,2180.5954,1777.7131
2020-02-03,1995.4848,1614.7034
2020-02-04,2024.2449,1636.5573
2020-02-05,2057.3594,1658.3838
2020-02-06,2099.0383,1689.5914
2020-02-07,2095.2216,1689.9692
2020-02-10,2136.3955,1714.0122
2020-02-11,2151.6456,1732.2889
2020-02-12,2170.2112,1745.2526
2020-02-13,2156.1728,1731.5248
2020-02-14,2166.919,1739.2263
2020-02-17,2204.8647,1774.9298
2020-02-18,2194.4803,1769.1387
2020-02-19,2195.5814,1765.0134
2020-02-20,2226.6275,1794.9772
2020-02-21,2227.6401,1798.824
2020-02-24,2221.687,1793.1212
2020-02-25,2196.2367,1773.3506
2020-02-26,2202.2846,1779.4154
2020-02-27,2221.3924,1783.7552
2020-02-28,2141.6925,1722.0417
2020-03-02,2246.1016,1801.1351
2020-03-03,2250.3979,1805.0365
2020-03-04,2270.0026,1816.5127
2020-03-05,2306.8142,1844.6504
2020-03-06,2260.5797,1810.9678
2020-03-09,2187.8892,1763.378
2020-03-10,2241.073,1795.665
2020-03-11,2211.1488,1779.7682
2020-03-12,2167.0317,1745.5111
2020-03-13,2132.6851,1717.9767
2020-03-16,2073.1602,1664.9612
2020-03-17,2055.7292,1651.6287
2020-03-18,2033.6239,1633.3623
2020-03-19,1997.1924,1607.0125
2020-03-20,2032.8599,1634.4636
2020-03-23,1984.7134,1585.898
2020-03-24,2038.0518,1631.1433
2020-03-25,2076.849,1665.6785
2020-03-26,2060.8488,1648.1478
2020-03-27,2075.3022,1664.7787
2020-03-30,2066.9057,1657.135
2020-03-31,2058.6034,1655.1805
2020-04-01,2045.3979,1640.3586
2020-04-02,2065.4664,1655.3868
2020-04-03,2049.6548,1640.2299
2020-04-07,2099.0163,1679.2328
2020-04-08,2099.2478,1678.9161
2020-04-09,2101.7142,1679.6449
2020-04-10,2089.0366,1664.1509
2020-04-13,2102.4773,1671.2056
2020-04-14,2123.4662,1690.5167
2020-04-15,2096.4704,1670.4812
2020-04-16,2100.6805,1672.8402
2020-04-17,2107.9852,1682.8493
2020-04-20,2119.4357,1689.4381
2020-04-21,2090.6812,1664.8129
2020-04-22,2104.7456,1672.9299
2020-04-23,2095.8664,1662.9752
2020-04-24,2076.208,1649.4804
2020-04-27,2079.1776,1651.327
2020-04-28,2072.9613,1641.5494
2020-04-29,2094.5892,1657.4917
2020-04-30,2119.9745,1684.1403
2020-05-06,2112.595,1696.013
2020-05-07,2115.6468,1690.193
2020-05-08,2138.5981,1714.0364
2020-05-11,2158.3557,1726.1648
2020-05-12,2153.326,1721.6241
2020-05-13,2147.2077,1717.8445
2020-05-14,2122.5644,1697.8989
2020-05-15,2119.7057,1694.0331
2020-05-18,2120.7038,1691.795
2020-05-19,2141.4248,1708.9597
2020-05-20,2121.7993,1692.7183
2020-05-21,2111.516,1680.0005
2020-05-22,2066.2204,1649.5899
2020-05-25,2066.1601,1650.5255
2020-05-26,2084.6496,1663.8742
2020-05-27,2085.4229,1665.5435
2020-05-28,2086.5188,1667.495
2020-05-29,2079.3687,1663.8136
2020-06-01,2120.5016,1698.0246
2020-06-02,2133.2751,1698.5277
2020-06-03,2131.4828,1692.836
2020-06-04,2130.8939,1689.9395
2020-06-05,2132.0178,1682.5886
2020-06-08,2142.9705,1693.1349
2020-06-09,2154.439,1709.0007
2020-06-10,2144.4646,1708.3014
2020-06-11,2111.1829,1687.0761
2020-06-12,2106.2709,1684.0125
2020-06-15,2071.0249,1646.2723
2020-06-16,2096.615,1671.9963
2020-06-17,2105.3643,1680.2195
2020-06-18,2117.7493,1697.3844
2020-06-19,2116.8273,1703.3344
2020-06-22,2106.6273,1689.3904
2020-06-23,2092.2098,1678.6103
2020-06-24,2086.9984,1682.8603
2020-06-29,2060.0716,1664.4807
2020-06-30,2069.968,1674.8142
2020-07-01,2109.3853,1705.6881
2020-07-02,2150.9418,1749.5084
2020-07-03,2195.6311,1784.9658
2020-07-06,2311.5473,1879.3248
2020-07-07,2292.6824,1864.9461
2020-07-08,2324.6169,1892.5588
2020-07-09,2369.0313,1922.0954
2020-07-10,2308.594,1868.163
2020-07-13,2379.8803,1905.2822
2020-07-14,2405.5476,1904.6228
2020-07-15,2343.7581,1879.3049
2020-07-16,2263.3747,1813.1721
2020-07-17,2267.0716,1811.9206
2020-07-20,2378.4244,1901.7913
2020-07-21,2371.3173,1899.4971
2020-07-22,2364.7978,1898.9268
2020-07-23,2355.2754,1900.49
2020-07-24,2288.1003,1837.9034
2020-07-27,2303.0299,1842.4166
2020-07-28,2307.7152,1851.5175
2020-07-29,2339.1094,1887.0439
2020-07-30,2339.2025,1879.125
2020-07-31,2346.7952,1885.0572
2020-08-03,2401.0134,1923.3517
2020-08-04,2394.8198,1919.0665
2020-08-05,2389.182,1911.1765
2020-08-06,2385.3519,1904.6481
2020-08-07,2374.2035,1898.9891
2020-08-10,2399.6317,1917.0404
2020-08-11,2364.996,1892.1463
2020-08-12,2357.7962,1898.8945
2020-08-13,2382.5767,1904.3069
2020-08-14,2387.1141,1910.8069
2020-08-17,2435.7624,1946.3272
2020-08-18,2444.4052,1956.1162
2020-08-19,2444.5904,1949.0538
2020-08-20,2405.9051,1922.2965
2020-08-21,2409.404,1930.5871
2020-08-24,2410.7918,1929.0824
2020-08-25,2385.3218,1921.8702
2020-08-26,2359.2408,1895.8388
2020-08-27,2369.0047,1891.858
2020-08-28,2412.1886,1919.4792
2020-08-31,2410.9642,1924.1761
2020-09-01,2428.9412,1929.5091
2020-09-02,2419.9334,1916.3414
2020-09-03,2413.6275,1918.4687
2020-09-04,2406.3966,1914.2864
2020-09-07,2389.2863,1893.6893
2020-09-08,2431.3151,1916.3283
2020-09-09,2407.7293,1895.9384
2020-09-10,2378.1948,1876.1069
2020-09-11,2384.7102,1881.3021
2020-09-14,2390.3212,1889.4232
2020-09-15,2393.2572,1906.2493
2020-09-16,2402.1989,1914.4089
2020-09-17,2405.3133,1924.5855
2020-09-18,2444.4017,1963.5576
2020-09-21,2424.8219,1948.5539
2020-09-22,2393.8703,1914.8022
2020-09-23,2389.1574,1915.4916
2020-09-24,2338.8878,1878.0536
2020-09-25,2334.7095,1880.1873
2020-09-28,2334.2642,1884.2158
2020-09-29,2340.0252,1884.7042
2020-09-30,2329.8972,1881.5644
2020-10-09,2379.136,1932.555
2020-10-12,2432.3827,1971.2752
2020-10-13,2440.3399,1987.1051
2020-10-14,2423.4319,1972.8552
2020-10-15,2417.8013,1972.1296
2020-10-16,2419.5829,1988.9443
2020-10-19,2405.0918,1971.5146
2020-10-20,2423.6555,1981.8142
2020-10-21,2422.174,1978.9373
2020-10-22,2408.4293,1970.1842
2020-10-23,2396.689,1948.9733
2020-10-26,2385.9274,1947.6207
2020-10-27,2384.0807,1939.0657
2020-10-28,2386.2491,1941.7688
2020-10-29,2384.4559,1952.9877
2020-10-30,2352.4053,1914.9358
2020-11-02,2357.9632,1943.0908
2020-11-03,2399.3521,1967.2753
2020-11-04,2432.5307,1988.3507
2020-11-05,2479.2634,2026.2182
2020-11-06,2491.7477,2044.644
2020-11-09,2531.2062,2083.1295
2020-11-10,2498.3191,2058.0392
2020-11-11,2499.2713,2062.5749
2020-11-12,2501.676,2070.2388
2020-11-13,2482.3969,2054.1487
2020-11-16,2534.6854,2092.5998
2020-11-17,2556.6962,2091.8389
2020-11-18,2568.0783,2092.3092
2020-11-19,2547.7547,2096.3311
2020-11-20,2591.2028,2124.2499
2020-11-23,2643.7015,2172.9101
2020-11-24,2632.967,2172.235
2020-11-25,2606.3638,2144.6208
2020-11-26,2603.3956,2137.8787
2020-11-27,2614.5632,2147.0803
2020-11-30,2608.4221,2142.6321
2020-12-01,2622.1485,2176.6764
2020-12-02,2619.8654,2194.4383
2020-12-03,2580.9166,2143.3459
2020-12-04,2582.604,2137.2512
2020-12-07,2550.4585,2120.7542
2020-12-08,2544.8,2102.489
2020-12-09,2518.109,2076.4655
2020-12-10,2524.1904,2089.864
2020-12-11,2487.654,2074.6757
2020-12-14,2451.2577,2047.4586
2020-12-15,2466.4173,2058.562
2020-12-16,2461.8219,2049.2859
2020-12-17,2516.8834,2078.4215
2020-12-18,2551.1387,2111.6228
2020-12-21,2563.4983,2120.3131
2020-12-22,2486.1856,2045.3391
2020-12-23,2511.3097,2057.6244
2020-12-24,2495.9376,2045.1793
2020-12-25,2548.0544,2075.1293
2020-12-28,2552.3229,2082.7387
2020-12-29,2523.7341,2055.1213
2020-12-30,2529.0066,2061.4045
2020-12-31,2545.9089,2069.5919
2021-01-04,2573.4151,2095.6241
2021-01-05,2559.6018,2086.2569
2021-01-06,2575.4791,2110.3681
2021-01-07,2581.7659,2122.4336
2021-01-08,2615.3554,2144.5886
2021-01-11,2587.6704,2111.5695
2021-01-12,2607.6207,2136.6934
2021-01-13,2663.4528,2158.4754
2021-01-14,2628.7373,2161.7431
2021-01-15,2604.5126,2152.6656
2021-01-18,2647.5283,2154.1401
2021-01-19,2604.4927,2145.5703
2021-01-20,2608.1725,2147.2246
2021-01-21,2625.8661,2167.2876
2021-01-22,2620.426,2137.5238
2021-01-25,2592.8839,2122.0137
2021-01-26,2561.33,2107.8862
2021-01-27,2573.3704,2128.2782
2021-01-28,2501.378,2084.8595
2021-01-29,2447.8402,2072.8778
2021-02-01,2445.2264,2085.2305
2021-02-02,2441.0481,2127.3068
2021-02-03,2427.5489,2134.843
2021-02-04,2371.5852,2107.4646
2021-02-05,2330.8489,2079.6401
2021-02-08,2357.749,2091.5773
2021-02-09,2401.0108,2130.3516
2021-02-10,2409.4009,2143.8782
2021-02-18,2495.5676,2213.7426
2021-02-19,2580.1588,2277.1641
2021-02-22,2667.3857,2340.4169
2021-02-23,2649.4234,2308.447
2021-02-24,2620.6187,2280.7182
2021-02-25,2664.6129,2276.1195
2021-02-26,2607.2485,2214.4447
2021-03-01,2671.1218,2273.2403
2021-03-02,2642.0892,2263.3978
2021-03-03,2708.9452,2333.5122
2021-03-04,2689.0605,2319.7271
2021-03-05,2651.2137,2275.7511
2021-03-08,2629.36,2248.0289
2021-03-09,2627.9572,2204.9222
2021-03-10,2600.9598,2198.0152
2021-03-11,2702.3987,2277.6
2021-03-12,2747.6205,2317.4528
2021-03-15,2766.0734,2338.3051
2021-03-16,2768.1671,2335.8956
2021-03-17,2776.3531,2322.9012
2021-03-18,2793.7479,2339.0485
2021-03-19,2772.6793,2318.114
2021-03-22,2804.8748,2355.3097
2021-03-23,2728.8741,2283.6392
2021-03-24,2650.5233,2235.2946
2021-03-25,2674.225,2245.905
2021-03-26,2720.1282,2279.5236
2021-03-29,2770.9488,2328.137
2021-03-30,2782.055,2332.7765
2021-03-31,2810.9622,2362.7282
2021-04-01,2853.1806,2386.7709
2021-04-02,2834.7879,2370.9874
2021-04-06,2853.07,2389.3185
2021-04-07,2930.8081,2435.6518
2021-04-08,2919.6513,2430.6344
2021-04-09,2952.0582,2444.5138
2021-04-12,2908.8304,2414.9587
2021-04-13,2854.8901,2384.6185
2021-04-14,2874.4056,2400.0882
2021-04-15,2881.6203,2410.4654
2021-04-16,2938.5377,2447.6724
2021-04-19,2936.3026,2461.79
2021-04-20,2925.421,2447.0051
2021-04-21,2915.794,2431.4246
2021-04-22,2955.831,2453.4569
2021-04-23,2951.5953,2439.3995
2021-04-26,2956.173,2445.834
2021-04-27,2969.3738,2444.5953
2021-04-28,2986.9628,2464.3773
2021-04-29,3016.2893,2488.887
2021-04-30,2985.3168,2446.8631
2021-05-06,3088.1061,2515.3969
2021-05-07,3136.2363,2560.551
2021-05-10,3218.7717,2625.9311
2021-05-11,3136.6452,2572.3502
2021-05-12,3178.9926,2592.5758
2021-05-13,3099.3832,2523.9944
2021-05-14,3095.8357,2532.3809
2021-05-17,3129.8942,2559.9282
2021-05-18,3166.9702,2583.5195
2021-05-19,3120.7268,2551.272
2021-05-20,3022.911,2471.888
2021-05-21,3091.8376,2518.3549
2021-05-24,3059.604,2500.6158
2021-05-25,3078.075,2517.7879
2021-05-26,3071.5933,2512.3978
2021-05-27,3089.1549,2520.5621
2021-05-28,3084.5108,2518.8821
2021-05-31,3078.7882,2519.5471
2021-06-01,3114.8345,2539.8523
2021-06-02,3074.3019,2518.6503
2021-06-03,3078.5445,2529.8642
2021-06-04,3051.3633,2505.5661
2021-06-07,3067.9322,2521.5165
2021-06-08,3064.7846,2516.5058
2021-06-09,3132.4507,2561.0292
2021-06-10,3187.1416,2581.1424
2021-06-11,3222.2509,2597.622
2021-06-15,3183.8922,2572.2849
2021-06-16,3154.0478,2554.8149
2021-06-17,3176.245,2556.7593
2021-06-18,3179.7572,2551.056
2021-06-21,3170.187,2548.5837
2021-06-22,3192.5499,2564.707
2021-06-23,3203.9588,2591.5344
2021-06-24,3192.6549,2581.4103
2021-06-25,3271.5316,2627.4287
2021-06-28,3270.8542,2607.979
2021-06-29,3238.5036,2572.1075
2021-06-30,3254.3822,2592.5737
2021-07-01,3216.879,2558.5671
2021-07-02,3218.9394,2559.1053
2021-07-05,3221.2479,2568.4295
2021-07-06,3235.6131,2579.7772
2021-07-07,3262.8559,2596.2276
2021-07-08,3183.042,2544.2607
2021-07-09,3176.4336,2569.0207
2021-07-12,3158.2693,2558.5918
2021-07-13,3217.2641,2611.2853
2021-07-14,3193.1515,2597.5138
2021-07-15,3194.742,2610.0028
2021-07-16,3217.9622,2639.5914
2021-07-19,3231.3397,2644.9813
2021-07-20,3194.7605,2636.804
2021-07-21,3188.1371,2633.8254
2021-07-22,3236.7201,2683.5071
2021-07-23,3193.2785,2671.7122
2021-07-26,3140.2713,2646.6621
2021-07-27,3028.3552,2573.2209
2021-07-28,3013.3454,2551.135
2021-07-29,3034.377,2569.2251
2021-07-30,3041.0947,2592.1845
2021-08-02,3091.2409,2616.5363
2021-08-03,3100.6571,2603.9741
2021-08-04,3128.9372,2635.9708
2021-08-05,3117.7245,2647.2782
2021-08-06,3139.5408,2684.2786
2021-08-09,3182.9633,2703.5334
2021-08-10,3204.5665,2713.3666
2021-08-11,3249.1518,2755.4525
2021-08-12,3284.1504,2785.2785
2021-08-13,3304.2363,2807.0985
2021-08-16,3300.1212,2792.8614
2021-08-17,3234.8208,2748.9412
2021-08-18,3253.2989,2766.1132
2021-08-19,3220.0115,2745.7081
2021-08-20,3194.0483,2739.0283
2021-08-23,3254.2072,2807.6662
2021-08-24,3273.0701,2833.4582
2021-08-25,3322.1027,2898.2392
2021-08-26,3354.8067,2939.9489
2021-08-27,3388.6308,2989.4385
2021-08-30,3438.2486,3043.9066
2021-08-31,3501.455,3127.5306
2021-09-01,3489.194,3122.392
2021-09-02,3556.4596,3214.0976
2021-09-03,3543.8875,3158.2763
2021-09-06,3579.2716,3192.348
2021-09-07,3688.0685,3293.8752
2021-09-08,3753.4129,3345.5528
2021-09-09,3881.2187,3496.424
2021-09-10,3822.973,3422.3546
2021-09-13,3928.0252,3519.5794
2021-09-14,3819.3574,3409.5161
2021-09-15,3814.2396,3408.0081
2021-09-16,3790.4268,3378.1977
2021-09-17,3704.6818,3294.5321
2021-09-22,3820.0925,3391.3393
2021-09-23,3820.5801,3376.9359
2021-09-24,3688.9436,3254.8185
2021-09-27,3550.9697,3127.3334
2021-09-28,3590.4696,3164.4244
2021-09-29,3444.8412,3023.5453
2021-09-30,3511.3629,3070.8085
2021-10-08,3463.2085,3022.6161
2021-10-11,3501.0807,3034.5085
2021-10-12,3448.2684,2969.9788
2021-10-13,3378.7042,2933.4298
2021-10-14,3355.8343,2923.0308
2021-10-15,3356.0464,2932.0789
2021-10-18,3440.284,3013.5517
2021-10-19,3470.4844,3050.1096
2021-10-20,3371.2785,2973.4972
2021-10-21,3414.2655,3004.1292
2021-10-22,3325.4583,2922.0994
2021-10-25,3360.5977,2956.4276
2021-10-26,3343.7131,2945.0068
2021-10-27,3275.5403,2877.2951
2021-10-28,3212.7213,2784.4573
2021-10-29,3225.6149,2808.7116
2021-11-01,3231.7437,2828.8557
2021-11-02,3157.7667,2764.7212
2021-11-03,3198.498,2805.6242
2021-11-04,3181.9818,2794.4978
2021-11-05,3127.6301,2736.1153
2021-11-08,3128.5398,2755.8933
2021-11-09,3120.4825,2743.3958
2021-11-10,3096.797,2725.5126
2021-11-11,3121.1304,2749.6995
2021-11-12,3100.4559,2732.2391
2021-11-15,3099.2265,2725.0526
2021-11-16,3085.2582,2710.6766
2021-11-17,3095.532,2729.0447
2021-11-18,3081.2575,2729.8205
2021-11-19,3119.2437,2770.8829
2021-11-22,3145.5664,2786.3614
2021-11-23,3157.6454,2819.4169
2021-11-24,3172.2429,2832.6734
2021-11-25,3160.487,2821.2129
2021-11-26,3139.9528,2797.7815
2021-11-29,3150.8544,2803.0175
2021-11-30,3173.7015,2816.202
2021-12-01,3206.5817,2859.5246
2021-12-02,3233.8089,2917.1806
2021-12-03,3300.3346,2971.6407
2021-12-06,3297.8114,2959.5416
2021-12-07,3327.4862,2983.2551
2021-12-08,3334.367,2985.1943
2021-12-09,3340.5873,2971.811
2021-12-10,3333.1585,2955.4629
2021-12-13,3350.6791,2991.2418
2021-12-14,3276.7981,2934.1534
2021-12-15,3291.6802,2962.3645
2021-12-16,3398.9669,3089.2469
2021-12-17,3374.9168,3061.0957
2021-12-20,3334.1586,2988.5271
2021-12-21,3367.7859,3022.4815
2021-12-22,3361.1025,3033.9615
2021-12-23,3408.6689,3079.3477
2021-12-24,3350.2204,3019.6472
2021-12-27,3357.5469,3028.631
2021-12-28,3341.7233,2980.6609
2021-12-29,3322.5731,2963.6085
2021-12-30,3316.0615,2959.44
2021-12-31,3329.869,2976.3025
2022-01-04,3389.571,3006.6776
2022-01-05,3344.4137,2968.7808
2022-01-06,3349.7043,2998.2519
2022-01-07,3377.3777,3013.8124
2022-01-10,3406.6933,3054.037
2022-01-11,3398.7794,3038.2602
2022-01-12,3408.1287,3035.0634
2022-01-13,3398.1217,3028.9308
2022-01-14,3347.6769,2956.9171
2022-01-17,3326.4689,2966.2276
2022-01-18,3379.5977,3019.2291
2022-01-19,3396.2908,3039.5122
2022-01-20,3390.3495,3027.3727
2022-01-21,3363.1473,3032.6514
2022-01-24,3355.0232,3028.7219
2022-01-25,3237.6209,2905.9528
2022-01-26,3251.9683,2915.09
2022-01-27,3207.5059,2879.1161
2022-01-28,3150.0412,2825.5668
2022-02-07,3272.083,2945.7941
2022-02-08,3390.6514,3054.7597
2022-02-09,3420.9283,3069.1457
2022-02-10,3473.877,3131.2911
2022-02-11,3470.4877,3128.7558
2022-02-14,3408.6489,3083.2186
2022-02-15,3375.0215,3050.6839
2022-02-16,3408.5808,3079.6873
2022-02-17,3406.0348,3074.7543
2022-02-18,3481.9511,3150.8428
2022-02-21,3503.5146,3182.88
2022-02-22,3487.2144,3178.8116
2022-02-23,3464.3891,3153.3528
2022-02-24,3414.2918,3106.0999
2022-02-25,3389.1563,3079.5788
2022-02-28,3446.4593,3112.6908
2022-03-01,3494.6063,3161.2546
2022-03-02,3543.2553,3211.9835
2022-03-03,3608.1483,3258.9049
2022-03-04,3605.7402,3259.9046
2022-03-07,3581.004,3231.745
2022-03-08,3423.9291,3078.2003
2022-03-09,3400.6876,3079.6937
2022-03-10,3418.6824,3106.7338
2022-03-11,3448.7585,3118.7094
2022-03-14,3350.5667,3039.7233
2022-03-15,3118.7457,2828.4396
2022-03-16,3210.3139,2897.3669
2022-03-17,3252.8599,2937.4488
2022-03-18,3341.0756,3023.0088
2022-03-21,3366.6232,3048.0361
2022-03-22,3418.5831,3100.2918
2022-03-23,3410.828,3090.5607
2022-03-24,3428.9844,3100.7061
2022-03-25,3395.1805,3083.9757
2022-03-28,3457.2396,3158.1376
2022-03-29,3487.357,3173.1693
2022-03-30,3463.7249,3155.1461
2022-03-31,3477.2064,3185.0187
2022-04-01,3514.1455,3192.3061
2022-04-06,3507.7338,3209.7514
2022-04-07,3472.2997,3192.435
2022-04-08,3512.893,3246.2344
2022-04-11,3453.4157,3191.3022
2022-04-12,3494.4609,3209.0717
2022-04-13,3539.6075,3253.1185
2022-04-14,3614.962,3331.9394
2022-04-15,3551.7046,3277.8654
2022-04-18,3491.5674,3219.2138
2022-04-19,3541.0069,3273.7938
2022-04-20,3433.4539,3159.6529
2022-04-21,3351.9821,3074.3987
2022-04-22,3372.6822,3094.7242
2022-04-25,3182.5672,2922.7006
2022-04-26,3108.8187,2837.3221
2022-04-27,3198.4683,2931.0755
2022-04-28,3266.0258,3006.589
2022-04-29,3309.6599,3052.4324
2022-05-05,3320.8292,3063.2927
2022-05-06,3255.5427,2999.4445
2022-05-09,3244.6009,2988.7727
2022-05-10,3210.9242,2960.1925
2022-05-11,3239.3189,2996.6946
2022-05-12,3216.5076,2971.9152
2022-05-13,3293.3996,3040.3268
2022-05-16,3312.4705,3071.1486
2022-05-17,3324.754,3093.136
2022-05-18,3300.3615,3070.776
2022-05-19,3294.6569,3067.3562
2022-05-20,3397.6147,3154.477
2022-05-23,3436.0115,3189.2659
2022-05-24,3367.3793,3135.8545
2022-05-25,3422.5773,3192.792
2022-05-26,3474.8273,3250.0929
2022-05-27,3494.7147,3267.0663
2022-05-30,3483.5287,3260.2272
2022-05-31,3482.415,3259.3006
2022-06-01,3505.6238,3286.281
2022-06-02,3464.5258,3250.6403
2022-06-06,3516.6928,3301.7033
2022-06-07,3524.4112,3296.1775
2022-06-08,3587.6196,3376.3362
2022-06-09,3565.0421,3368.5815
2022-06-10,3604.5854,3389.3847
2022-06-13,3555.5111,3353.7869
2022-06-14,3588.6401,3401.2364
2022-06-15,3590.8209,3380.8773
2022-06-16,3506.8734,3311.2157
2022-06-17,3495.2046,3307.3922
2022-06-20,3407.4579,3239.02
2022-06-21,3382.3225,3250.8164
2022-06-22,3331.6591,3206.2946
2022-06-23,3375.8198,3262.4728
2022-06-24,3370.3435,3259.3736
2022-06-27,3433.9235,3327.5135
2022-06-28,3492.4256,3384.3244
2022-06-29,3445.587,3334.986
2022-06-30,3449.7403,3331.9729
2022-07-01,3455.9191,3351.3731
2022-07-04,3458.3487,3351.2304
2022-07-05,3527.0421,3392.4737
2022-07-06,3395.1347,3283.516
2022-07-07,3435.1694,3313.2835
2022-07-08,3405.1248,3288.061
2022-07-11,3306.1761,3207.3471
2022-07-12,3316.4048,3221.3756
2022-07-13,3303.1298,3214.8925
2022-07-14,3281.8788,3189.707
2022-07-15,3215.7494,3136.7179
2022-07-18,3309.0469,3224.4907
2022-07-19,3310.0968,3227.7675
2022-07-20,3309.4067,3226.6006
2022-07-21,3231.0091,3168.387
2022-07-22,3223.3007,3164.023
2022-07-25,3213.0136,3156.3399
2022-07-26,3246.4261,3192.1037
2022-07-27,3242.9407,3191.081
2022-07-28,3261.0024,3211.6581
2022-07-29,3218.8093,3177.1701
2022-08-01,3235.9092,3203.8858
2022-08-02,3136.705,3116.5819
2022-08-03,3105.4461,3076.0445
2022-08-04,3113.4425,3077.2369
2022-08-05,3131.8254,3079.4069
2022-08-08,3192.3092,3133.2455
2022-08-09,3238.8605,3165.8793
2022-08-10,3216.8364,3153.009
2022-08-11,3256.3558,3182.4674
2022-08-12,3303.2353,3219.0858
2022-08-15,3308.4324,3234.2225
2022-08-16,3306.1694,3246.5959
2022-08-17,3311.8547,3245.7701
2022-08-18,3270.7718,3208.6915
2022-08-19,3302.7972,3226.5054
2022-08-22,3353.2036,3270.3187
2022-08-23,3370.3623,3295.1795
2022-08-24,3331.0748,3240.8004
2022-08-25,3438.6271,3313.5037
2022-08-26,3383.7756,3267.3803
2022-08-29,3412.8099,3302.5661
2022-08-30,3347.4873,3238.6852
2022-08-31,3297.4862,3189.3837
2022-09-01,3318.5322,3223.8048
2022-09-02,3283.5406,3208.5274
2022-09-05,3357.8059,3291.9166
2022-09-06,3415.5883,3346.7111
2022-09-07,3427.9104,3347.7745
2022-09-08,3404.5023,3330.9115
2022-09-09,3439.7189,3362.7849
2022-09-13,3417.2645,3331.8677
2022-09-14,3369.9885,3296.621
2022-09-15,3343.3489,3274.2379
2022-09-16,3217.3734,3139.311
2022-09-19,3212.5273,3136.1597
2022-09-20,3238.7703,3149.3616
2022-09-21,3270.534,3178.6012
2022-09-22,3308.8635,3202.8586
2022-09-23,3254.2518,3165.5247
2022-09-26,3138.0015,3064.377
2022-09-27,3146.4632,3088.0027
2022-09-28,3090.2864,3034.4486
2022-09-29,3123.1137,3049.9441
2022-09-30,3135.1949,3058.3701
2022-10-10,3142.5428,3064.58
2022-10-11,3150.1166,3064.4026
2022-10-12,3185.3022,3104.3209
2022-10-13,3117.4534,3052.9051
2022-10-14,3155.3464,3088.3386
2022-10-17,3153.7648,3092.6462
2022-10-18,3150.2127,3086.9734
2022-10-19,3138.5176,3073.6875
2022-10-20,3096.6636,3040.6003
2022-10-21,3107.6486,3063.8256
2022-10-24,3044.5339,3002.3982
2022-10-25,3036.387,2993.6286
2022-10-26,3026.0006,2986.6482
2022-10-27,3047.2592,3001.3173
2022-10-28,2986.1684,2942.8467
2022-10-31,2914.305,2868.0886
2022-11-01,2970.4648,2915.2566
2022-11-02,3027.0738,2967.7549
2022-11-03,3006.9153,2954.8186
2022-11-04,3088.0545,3025.1289
2022-11-07,3130.5331,3053.4358
2022-11-08,3107.3287,3037.7249
2022-11-09,3087.5366,3020.518
2022-11-10,3086.4399,3009.7179
2022-11-11,3134.4638,3063.8575
2022-11-14,3099.5336,3022.4593
2022-11-15,3133.7577,3053.774
2022-11-16,3135.676,3053.8436
2022-11-17,3087.7259,3016.7612
2022-11-18,3072.051,3001.9538
2022-11-21,3066.6033,2990.5176
2022-11-22,3116.317,3048.797
2022-11-23,3137.1693,3074.7512
2022-11-24,3134.9768,3073.7353
2022-11-25,3186.535,3133.2905
2022-11-28,3167.6481,3118.6321
2022-11-29,3218.2381,3162.4598
2022-11-30,3250.344,3179.6123
2022-12-01,3255.2103,3181.3136
2022-12-02,3231.5852,3158.1343
2022-12-05,3341.1369,3276.9434
2022-12-06,3322.9096,3251.339
2022-12-07,3303.1816,3220.1191
2022-12-08,3293.9113,3220.9123
2022-12-09,3314.1017,3228.7243
2022-12-12,3246.3865,3189.7727
2022-12-13,3250.5667,3191.9792
2022-12-14,3208.3165,3181.9099
2022-12-15,3165.7883,3151.1675
2022-12-16,3194.9447,3161.5067
2022-12-19,3114.5042,3073.1105
2022-12-20,3093.8175,3062.3339
2022-12-21,3087.8002,3055.2337
2022-12-22,3050.9532,3024.0608
2022-12-23,3055.0155,3034.3391
2022-12-26,3051.5415,3053.3154
2022-12-27,3090.7955,3090.7507
2022-12-28,3078.6219,3072.9316
2022-12-29,3024.6685,3017.4961
2022-12-30,3033.5343,3021.7248
2023-01-03,3074.3869,3090.8984
2023-01-04,3046.2538,3079.6293
2023-01-05,3055.0151,3083.0117
2023-01-06,3072.254,3083.8181
2023-01-09,3094.8905,3102.7708
2023-01-10,3078.63,3083.1715
2023-01-11,3141.1145,3134.4461
2023-01-12,3145.428,3150.6665
2023-01-13,3162.0766,3160.9466
2023-01-16,3168.518,3153.9111
2023-01-17,3158.4842,3136.2689
2023-01-18,3180.4122,3166.389
2023-01-19,3190.5313,3181.3371
2023-01-20,3246.7845,3278.2683
2023-01-30,3214.8098,3247.7594
2023-01-31,3226.3393,3253.9738
2023-02-01,3261.0341,3278.5182
2023-02-02,3268.9059,3292.8592
2023-02-03,3230.7422,3266.4757
2023-02-06,3205.1589,3243.7702
2023-02-07,3219.1107,3248.1122
2023-02-08,3194.1351,3217.4325
2023-02-09,3215.7399,3244.9826
2023-02-10,3188.2475,3223.6156
2023-02-13,3194.4808,3239.3343
2023-02-14,3210.1443,3247.0975
2023-02-15,3194.1114,3253.0144
2023-02-16,3157.5552,3262.8487
2023-02-17,3166.0866,3244.3963
2023-02-20,3261.8878,3375.7143
2023-02-21,3318.5338,3425.001
2023-02-22,3314.4822,3381.618
2023-02-23,3321.3598,3366.0608
2023-02-24,3302.1751,3356.4206
2023-02-27,3304.3642,3357.8516
2023-02-28,3309.931,3396.4277
2023-03-01,3348.9051,3485.6321
2023-03-02,3373.4203,3507.5654
2023-03-03,3398.5482,3557.2247
2023-03-06,3360.3372,3548.2862
2023-03-07,3373.7787,3549.1933
2023-03-08,3354.1824,3573.1302
2023-03-09,3344.8894,3598.4727
2023-03-10,3271.8211,3515.4503
2023-03-13,3329.6301,3647.196
2023-03-14,3295.1,3621.0153
2023-03-15,3328.3531,3633.4703
2023-03-16,3236.1205,3551.2091
2023-03-17,3296.8709,3623.3455
2023-03-20,3269.3536,3528.9114
2023-03-21,3259.2716,3520.8419
2023-03-22,3278.8449,3541.996
2023-03-23,3320.4899,3581.8642
2023-03-24,3279.0001,3516.637
2023-03-27,3271.2793,3474.4052
2023-03-28,3267.5279,3498.6675
2023-03-29,3242.9855,3477.9406
2023-03-30,3316.7563,3510.2105
2023-03-31,3308.0578,3545.4671
2023-04-03,3309.8757,3579.562
2023-04-04,3336.6133,3652.2824
2023-04-06,3310.9052,3622.6318
2023-04-07,3305.4707,3601.7012
2023-04-10,3310.3998,3608.8394
2023-04-11,3313.7651,3592.7103
2023-04-12,3380.5248,3665.4468
2023-04-13,3378.7696,3653.5029
2023-04-14,3402.6813,3686.2659
2023-04-17,3496.6056,3784.1467
2023-04-18,3530.4851,3817.8379
2023-04-19,3514.8947,3772.8864
2023-04-20,3514.8629,3788.4279
2023-04-21,3455.3052,3727.2722
2023-04-24,3428.7202,3705.8649
2023-04-25,3426.1884,3713.7496
2023-04-26,3426.3138,3682.1394
2023-04-27,3414.1577,3701.974
2023-04-28,3487.7136,3786.8407
2023-05-04,3517.105,3808.3025
2023-05-05,3494.0976,3778.3908
2023-05-08,3632.5625,3936.9968
2023-05-09,3591.9177,3891.2691
2023-05-10,3537.7479,3833.7888
2023-05-11,3519.8833,3790.0231
2023-05-12,3461.9846,3729.885
2023-05-15,3484.4187,3750.7539
2023-05-16,3464.6878,3722.2202
2023-05-17,3440.1124,3691.688
2023-05-18,3457.8575,3720.4057
2023-05-19,3433.5834,3694.5253
2023-05-22,3425.4111,3688.0794
2023-05-23,3383.5137,3621.794
2023-05-24,3328.7707,3565.7465
2023-05-25,3299.8001,3545.5786
2023-05-26,3270.3826,3537.9046
2023-05-29,3298.2836,3576.6914
2023-05-30,3297.5042,3595.9938
2023-05-31,3220.7365,3535.4548
2023-06-01,3228.3488,3559.9156
2023-06-02,3260.1439,3584.1926
2023-06-05,3278.49,3594.4898
2023-06-06,3275.9012,3595.2008
2023-06-07,3272.6207,3589.2932
2023-06-08,3309.2355,3622.2248
2023-06-09,3315.106,3667.3631
2023-06-12,3323.2266,3668.4882
2023-06-13,3293.2035,3629.1502
2023-06-14,3308.1206,3642.0179
2023-06-15,3328.178,3653.0625
2023-06-16,3347.5,3678.9404
2023-06-19,3316.8296,3646.0681
2023-06-20,3287.7124,3606.9974
2023-06-21,3248.414,3571.9663
2023-06-26,3216.3517,3528.0602
2023-06-27,3273.4955,3605.0016
2023-06-28,3264.5999,3623.0917
2023-06-29,3237.4514,3602.0404
2023-06-30,3273.6903,3630.6192
2023-07-03,3332.7575,3707.5191
2023-07-04,3356.361,3706.919
2023-07-05,3342.6143,3688.1293
2023-07-06,3327.5016,3670.5705
2023-07-07,3344.617,3690.9309
2023-07-10,3357.1898,3685.6612
2023-07-11,3338.8546,3668.727
2023-07-12,3308.3682,3638.9258
2023-07-13,3335.2587,3699.0355
2023-07-14,3320.6799,3709.1721
2023-07-17,3252.0111,3656.5824
2023-07-18,3250.5331,3645.7821
2023-07-19,3264.6873,3663.6942
2023-07-20,3256.0182,3638.5805
2023-07-21,3235.6351,3620.7501
2023-07-24,3208.981,3603.2852
2023-07-25,3280.6042,3676.9331
2023-07-26,3271.6669,3655.929
2023-07-27,3248.0523,3638.2787
2023-07-28,3287.566,3684.356
2023-07-31,3282.7767,3684.7969
2023-08-01,3283.1615,3696.627
2023-08-02,3244.0084,3639.9844
2023-08-03,3243.3002,3637.1495
2023-08-04,3237.3105,3647.7725
2023-08-07,3226.2118,3632.2402
2023-08-08,3233.645,3641.5764
2023-08-09,3207.7835,3612.8133
2023-08-10,3252.4372,3660.2376
2023-08-11,3188.4139,3584.1882
2023-08-14,3176.1103,3590.7994
2023-08-15,3174.1667,3592.1643
2023-08-16,3148.2207,3547.3021
2023-08-17,3154.9445,3561.6292
2023-08-18,3130.3509,3520.3502
2023-08-21,3088.0754,3483.4585
2023-08-22,3117.3096,3541.6821
2023-08-23,3119.5445,3534.0237
2023-08-24,3122.1645,3499.9687
2023-08-25,3099.8959,3478.0342
2023-08-28,3164.8573,3542.2309
2023-08-29,3179.3767,3551.3598
2023-08-30,3180.6778,3537.4081
2023-08-31,3172.2709,3523.9283
2023-09-01,3260.4946,3604.0003
2023-09-04,3330.8452,3698.3205
2023-09-05,3330.394,3687.2547
2023-09-06,3329.0385,3689.8222
2023-09-07,3321.3928,3686.6244
2023-09-08,3282.77,3639.5963
2023-09-11,3317.3763,3678.7243
2023-09-12,3309.9112,3669.8656
2023-09-13,3322.4127,3690.0623
2023-09-14,3388.6524,3753.3949
2023-09-15,3379.3543,3738.4844
2023-09-18,3397.259,3747.3251
2023-09-19,3408.719,3767.992
2023-09-20,3410.1006,3754.7845
2023-09-21,3391.1881,3727.7068
2023-09-22,3395.0029,3743.9117
2023-09-25,3398.2397,3728.5615
2023-09-26,3379.0484,3709.2488
2023-09-27,3378.4458,3710.1838
2023-09-28,3397.7888,3732.196
2023-10-09,3409.5773,3741.155
2023-10-10,3344.4532,3659.8443
2023-10-11,3325.5508,3639.4045
2023-10-12,3344.6865,3660.3389
2023-10-13,3340.2766,3656.7379
2023-10-16,3354.1327,3682.9739
2023-10-17,3375.507,3712.969
2023-10-18,3341.8048,3681.0888
2023-10-19,3281.7372,3607.5359
2023-10-20,3270.586,3579.9246
2023-10-23,3233.9829,3543.3005
2023-10-24,3258.2854,3569.0992
2023-10-25,3275.413,3560.7778
2023-10-26,3265.3542,3570.4266
2023-10-27,3282.8175,3585.7584
2023-10-30,3259.8617,3533.9351
2023-10-31,3273.7862,3543.4393
2023-11-01,3261.6757,3535.3345
2023-11-02,3255.6604,3536.8893
2023-11-03,3259.5215,3545.5642
2023-11-06,3222.7452,3506.2914
2023-11-07,3229.8887,3520.2451
2023-11-08,3224.662,3513.2664
2023-11-09,3273.745,3571.3019
2023-11-10,3287.7142,3575.574
2023-11-13,3290.8745,3584.4913
2023-11-14,3271.699,3572.9508
2023-11-15,3298.0524,3603.0357
2023-11-16,3295.3668,3597.7446
2023-11-17,3293.1297,3590.8347
2023-11-20,3294.7225,3597.2198
2023-11-21,3298.4587,3599.4828
2023-11-22,3283.5285,3591.4684
2023-11-23,3321.0248,3628.243
2023-11-24,3335.735,3643.1691
2023-11-27,3347.213,3663.3502
2023-11-28,3346.9062,3669.1177
2023-11-29,3363.7826,3673.1769
2023-11-30,3374.5317,3693.7155
2023-12-01,3381.0067,3710.2172
2023-12-04,3401.5523,3727.9517
2023-12-05,3348.6716,3666.9698
2023-12-06,3349.2425,3651.7848
2023-12-07,3336.7424,3639.3671
2023-12-08,3334.691,3633.6636
2023-12-11,3364.5656,3672.6823
2023-12-12,3385.7763,3699.2138
2023-12-13,3341.2584,3653.5425
2023-12-14,3343.7313,3655.3605
2023-12-15,3323.3853,3634.4675
2023-12-18,3332.8652,3631.473
2023-12-19,3330.6274,3627.9526
2023-12-20,3315.1483,3607.6986
2023-12-21,3323.5582,3616.7921
2023-12-22,3346.3043,3637.5653
2023-12-25,3354.1548,3653.9691
2023-12-26,3334.0036,3632.3949
2023-12-27,3371.3649,3678.5602
2023-12-28,3369.7357,3661.1522
2023-12-29,3401.9403,3682.4529
2024-01-02,3453.0765,3734.9014
2024-01-03,3487.8985,3778.6732
2024-01-04,3509.9564,3810.3789
2024-01-05,3490.6094,3812.3811
2024-01-08,3474.8795,3782.1321
2024-01-09,3489.5352,3807.2232
2024-01-10,3462.1948,3779.5143
2024-01-11,3449.7715,3750.6691
2024-01-12,3468.901,3762.5711
2024-01-15,3502.531,3800.4952
2024-01-16,3505.8915,3805.8765
2024-01-17,3458.615,3754.0471
2024-01-18,3444.4791,3743.1806
2024-01-19,3408.2914,3700.817
2024-01-22,3309.026,3615.8023
2024-01-23,3356.5381,3654.6911
2024-01-24,3442.1152,3764.8917
2024-01-25,3571.5431,3949.3475
2024-01-26,3609.8692,4011.1985
2024-01-29,3592.931,4013.7478
2024-01-30,3541.2678,3986.9533
2024-01-31,3538.4833,3983.7861
2024-02-01,3487.114,3908.6091
2024-02-02,3476.9965,3908.3925
2024-02-05,3484.1049,3932.6526
2024-02-06,3556.1249,3950.4515
2024-02-07,3636.2234,4023.1
2024-02-08,3632.465,4025.7862
2024-02-19,3757.4767,4192.5947
2024-02-20,3780.15,4216.4131
2024-02-21,3776.1533,4215.4785
2024-02-22,3876.1479,4360.8489
2024-02-23,3855.0268,4326.0017
2024-02-26,3800.6577,4254.7049
2024-02-27,3837.8674,4288.7106
2024-02-28,3790.2828,4252.8136
2024-02-29,3839.8251,4277.0288
2024-03-01,3851.0918,4288.0424
2024-03-04,3939.9301,4387.1093
2024-03-05,3949.6262,4392.6374
2024-03-06,3960.5877,4398.0239
2024-03-07,4009.1341,4436.4221
2024-03-08,4072.7666,4488.3009
2024-03-11,4047.2229,4411.0039
2024-03-12,3970.68,4288.4002
2024-03-13,3978.5252,4301.7141
2024-03-14,3995.6399,4325.4125
2024-03-15,4022.5197,4322.0345
2024-03-18,4042.2017,4334.9672
2024-03-19,4013.4376,4327.3943
2024-03-20,4024.9031,4352.7174
2024-03-21,4024.5703,4356.0525
2024-03-22,3990.3897,4324.6429
2024-03-25,3992.2541,4342.6231
2024-03-26,3971.7053,4309.3935
2024-03-27,3930.2144,4276.6837
2024-03-28,3972.7528,4313.3738
2024-03-29,4031.2563,4414.2786
2024-04-01,4066.0008,4426.4147
2024-04-02,4089.1519,4459.8039
2024-04-03,4166.7573,4523.1194
2024-04-08,4128.0619,4504.0238
2024-04-09,4117.4799,4463.8597
2024-04-10,4127.4949,4481.7458
2024-04-11,4181.0415,4526.2636
2024-04-12,4191.4998,4517.939
2024-04-15,4280.3187,4626.9489
2024-04-16,4178.2874,4600.3828
2024-04-17,4275.7368,4659.8022
2024-04-18,4272.2382,4631.5481
2024-04-19,4295.5078,4676.1708
2024-04-22,4208.5396,4535.0603
2024-04-23,4116.46,4443.9794
2024-04-24,4129.0308,4453.6056
2024-04-25,4164.9108,4476.4832
2024-04-26,4195.2023,4508.021
2024-04-29,4193.0464,4466.5066
2024-04-30,4224.6022,4486.4847
2024-05-06,4315.372,4499.0653
2024-05-07,4348.9025,4517.4748
2024-05-08,4356.2117,4542.9702
2024-05-09,4450.0247,4569.9356
2024-05-10,4460.0373,4577.8279
2024-05-13,4479.329,4554.0105
2024-05-14,4480.5887,4530.1502
2024-05-15,4461.9335,4511.8336
2024-05-16,4423.4553,4479.4645
2024-05-17,4435.1227,4491.9634
2024-05-20,4541.8211,4586.4941
2024-05-21,4524.3841,4588.1129
2024-05-22,4475.0133,4563.0169
2024-05-23,4394.7798,4503.611
2024-05-24,4380.4264,4487.8367
2024-05-27,4501.6676,4581.2194
2024-05-28,4500.6789,4575.1321
2024-05-29,4535.0251,4612.5799
2024-05-30,4469.7027,4554.8401
2024-05-31,4465.6608,4545.8881
2024-06-03,4476.9754,4548.8335
2024-06-04,4517.2694,4533.7415
2024-06-05,4445.8877,4463.9079
2024-06-06,4489.203,4512.1485
2024-06-07,4511.1935,4533.2734
2024-06-11,4393.0419,4469.8249
2024-06-12,4465.8622,4570.0656
2024-06-13,4407.4058,4529.6876
2024-06-14,4413.1151,4520.3652
2024-06-17,4375.1352,4471.9974
2024-06-18,4397.483,4504.7403
2024-06-19,4350.4755,4499.913
2024-06-20,4326.8887,4490.4548
2024-06-21,4330.5986,4480.933
2024-06-24,4254.0706,4417.6758
2024-06-25,4266.3506,4428.4128
2024-06-26,4279.6815,4423.9468
2024-06-27,4196.3622,4374.7974
2024-06-28,4204.7137,4452.7058
2024-07-01,4291.4294,4524.8923
2024-07-02,4238.834,4524.7583
2024-07-03,4198.2841,4497.9174
2024-07-04,4151.5834,4482.0987
2024-07-05,4177.9611,4476.7427
2024-07-08,4137.0072,4449.9501
2024-07-09,4199.201,4485.3557
2024-07-10,4124.1388,4409.8727
2024-07-11,4210.9196,4464.6814
2024-07-12,4183.9573,4416.9165
2024-07-15,4196.463,4435.0956
2024-07-16,4193.4976,4432.8646
2024-07-17,4112.2324,4352.0234
2024-07-18,4136.5449,4389.1614
2024-07-19,4103.0476,4335.754
2024-07-22,4085.2215,4299.2793
2024-07-23,3962.973,4217.1608
2024-07-24,3909.0053,4186.8642
2024-07-25,3912.5366,4155.6915
2024-07-26,4001.9655,4213.4695
2024-07-29,3977.7972,4223.6406
2024-07-30,3917.0681,4157.4411
2024-07-31,4046.5876,4263.5998
2024-08-01,4022.0103,4256.0597
2024-08-02,3980.4177,4202.0915
2024-08-05,3912.894,4101.4886
2024-08-06,3927.4589,4114.6631
2024-08-07,3942.5677,4145.7904
2024-08-08,3942.8804,4158.3108
2024-08-09,3924.1199,4167.9308
2024-08-12,3943.546,4169.9808
2024-08-13,3944.7577,4187.2089
2024-08-14,3909.2218,4155.8289
2024-08-15,3941.6374,4186.8217
2024-08-16,3945.8809,4184.5031
2024-08-19,3960.1741,4201.9533
2024-08-20,3883.2395,4127.7649
2024-08-21,3867.3313,4102.5538
2024-08-22,3842.2519,4074.0493
2024-08-23,3863.2049,4099.4644
2024-08-26,3868.0441,4126.7808
2024-08-27,3849.1795,4135.4165
2024-08-28,3808.1258,4114.7253
2024-08-29,3822.7354,4097.5299
2024-08-30,3894.9535,4141.9803
2024-09-02,3863.845,4129.2799
2024-09-03,3899.5651,4119.1009
2024-09-04,3877.3478,4050.6423
2024-09-05,3868.5905,4040.7153
2024-09-06,3816.7721,4008.2575
2024-09-09,3769.8347,3933.5274
2024-09-10,3756.6957,3930.6633
2024-09-11,3739.8662,3896.1652
2024-09-12,3730.0698,3913.4178
2024-09-13,3717.723,3921.5676
2024-09-18,3770.6789,3971.2427
2024-09-19,3853.1858,4019.5766
2024-09-20,3857.2209,4019.6648
2024-09-23,3870.9014,4058.2507
2024-09-24,4064.4097,4197.6621
2024-09-25,4092.0248,4268.1895
2024-09-26,4311.6911,4405.7228
2024-09-27,4496.2904,4497.5708
2024-09-30,4852.4647,4835.6421
2024-10-08,4891.9717,4966.764
2024-10-09,4494.8344,4589.336
2024-10-10,4603.8831,4732.2387
2024-10-11,4516.5677,4628.0478
2024-10-14,4630.4468,4734.7961
2024-10-15,4488.0879,4584.4858
2024-10-16,4493.0509,4601.927
2024-10-17,4431.0935,4530.9937
2024-10-18,4505.785,4597.1086
2024-10-21,4528.8185,4588.6822
2024-10-22,4595.5052,4642.2753
2024-10-23,4594.6718,4652.5102
2024-10-24,4565.4921,4632.9123
2024-10-25,4589.6451,4635.5917
2024-10-28,4675.075,4708.1139
2024-10-29,4568.2463,4636.1427
2024-10-30,4499.0097,4601.295
2024-10-31,4486.2373,4592.339
2024-11-01,4516.8733,4608.8736
2024-11-04,4552.02,4637.2934
2024-11-05,4618.4878,4707.7432
2024-11-06,4611.257,4698.6918
2024-11-07,4753.2305,4793.722
2024-11-08,4706.0446,4751.7384
2024-11-11,4674.0002,4739.641
2024-11-12,4640.2275,4693.5594
2024-11-13,4652.4969,4728.4678
2024-11-14,4562.2971,4644.0795
2024-11-15,4528.909,4610.5661
2024-11-18,4498.5346,4643.5356
2024-11-19,4535.4297,4648.9323
2024-11-20,4579.4562,4672.2799
2024-11-21,4584.6057,4675.8195
2024-11-22,4432.7381,4541.5218
2024-11-25,4430.3513,4532.8715
2024-11-26,4420.9514,4500.6
2024-11-27,4474.1814,4557.5243
2024-11-28,4428.3052,4527.9627
2024-11-29,4490.4861,4562.1392
2024-12-02,4542.0895,4636.8321
2024-12-03,4548.0463,4662.4129
2024-12-04,4549.6963,4672.0689
2024-12-05,4539.7488,4665.2967
2024-12-06,4587.9295,4729.6295
2024-12-09,4568.4733,4737.8916
2024-12-10,4597.7377,4745.062
2024-12-11,4694.7276,4809.4545
2024-12-12,4738.9502,4821.7407
2024-12-13,4633.9813,4716.3764
2024-12-16,4640.8784,4718.8764
2024-12-17,4626.9992,4686.0732
2024-12-18,4636.067,4725.407
2024-12-19,4605.8207,4722.0671
2024-12-20,4546.5084,4687.2978
2024-12-23,4557.1357,4678.6211
2024-12-24,4605.5535,4750.3248
2024-12-25,4620.6708,4747.6009
2024-12-26,4605.3863,4763.2305
2024-12-27,4607.2624,4757.2812
2024-12-30,4643.4893,4777.211
2024-12-31,4609.2608,4716.2886
2025-01-02,4533.3582,4614.6095
2025-01-03,4512.5281,4556.3465
2025-01-06,4488.723,4539.1484
2025-01-07,4472.6851,4553.4244
2025-01-08,4474.9846,4574.6395
2025-01-09,4428.0132,4568.0551
2025-01-10,4377.3951,4480.5582
2025-01-13,4379.365,4482.9753
2025-01-14,4455.6323,4609.3723
2025-01-15,4429.6428,4576.5417
2025-01-16,4484.4978,4628.6339
2025-01-17,4483.1882,4635.4307
2025-01-20,4467.4812,4618.9648
2025-01-21,4429.8061,4593.024
2025-01-22,4389.6864,4559.5798
2025-01-23,4398.1513,4564.0702
2025-01-24,4418.4082,4601.0499
2025-01-27,4446.9044,4589.5795
2025-02-05,4369.4572,4558.9811
2025-02-06,4377.3299,4592.8323
2025-02-07,4424.3023,4645.2168
2025-02-10,4410.2281,4659.7989
2025-02-11,4426.975,4657.4691
2025-02-12,4408.9425,4677.3118
2025-02-13,4394.9448,4638.5071
2025-02-14,4406.1061,4638.5897
2025-02-17,4364.985,4625.5056
2025-02-18,4322.6516,4553.9218
2025-02-19,4309.5229,4575.4107
2025-02-20,4303.9595,4583.3181
2025-02-21,4293.9521,4628.6014
2025-02-24,4286.027,4622.5762
2025-02-25,4226.6471,4574.6317
2025-02-26,4253.1443,4615.0356
2025-02-27,4272.5008,4621.5958
2025-02-28,4245.4125,4556.6802
2025-03-03,4245.2742,4538.067
2025-03-04,4232.132,4541.7884
2025-03-05,4235.8501,4539.8269
2025-03-06,4261.5808,4582.8029
2025-03-07,4288.2898,4578.6919
2025-03-10,4310.116,4584.0509
2025-03-11,4332.2618,4588.4099
2025-03-12,4324.1356,4597.3312
2025-03-13,4369.9421,4594.7139
2025-03-14,4424.8235,4642.0107
2025-03-17,4414.6215,4648.6983
2025-03-18,4431.0694,4674.3302
2025-03-19,4427.624,4673.4758
2025-03-20,4419.8559,4683.2399
2025-03-21,4400.9246,4674.9496
2025-03-24,4446.8659,4731.9596
2025-03-25,4471.9119,4746.8934
2025-03-26,4456.9527,4741.3881
2025-03-27,4451.7269,4708.7012
2025-03-28,4412.2584,4649.5772
2025-03-31,4405.095,4625.6244
2025-04-01,4432.4932,4647.4298
2025-04-02,4425.2655,4621.2998
2025-04-03,4385.6488,4562.9912
2025-04-07,4054.0636,4151.6813
2025-04-08,4169.8648,4217.8253
2025-04-09,4197.7518,4252.2007
2025-04-10,4257.4152,4332.177
2025-04-11,4213.5155,4316.1175
2025-04-14,4264.8174,4366.015
2025-04-15,4284.2826,4376.2454
2025-04-16,4292.421,4355.6768
2025-04-17,4287.2776,4348.9114
2025-04-18,4281.3389,4367.5552
2025-04-21,4285.2944,4397.9376
2025-04-22,4289.1698,4404.0235
2025-04-23,4294.8942,4420.4172
2025-04-24,4310.571,4419.9328
2025-04-25,4310.6787,4428.7489
2025-04-28,4306.4611,4414.0446
2025-04-29,4294.0177,4421.1611
2025-04-30,4268.7123,4402.381
2025-05-06,4297.5974,4456.8529
2025-05-07,4325.1608,4484.3578
2025-05-08,4327.1631,4485.1142
2025-05-09,4336.4691,4471.0288
2025-05-12,4367.5127,4516.7222
2025-05-13,4391.3424,4523.8274
2025-05-14,4450.6084,4562.1745
2025-05-15,4428.9932,4512.5928
2025-05-16,4408.7174,4502.9868
2025-05-19,4415.4874,4528.9996
2025-05-20,4431.0636,4558.8792
2025-05-21,4495.9355,4595.1013
2025-05-22,4482.4043,4565.6879
2025-05-23,4450.292,4539.5228
2025-05-26,4437.5069,4547.5019
2025-05-27,4412.2328,4516.3107
2025-05-28,4449.6057,4542.9284
2025-05-29,4464.6725,4563.5314
2025-05-30,4453.0823,4537.4762
2025-06-03,4424.8496,4528.4324
2025-06-04,4435.2374,4548.4316
2025-06-05,4421.7958,4542.4301
2025-06-06,4428.7557,4558.446
2025-06-09,4441.5785,4593.2348
2025-06-10,4437.3025,4562.1532
2025-06-11,4457.2614,4589.2613
2025-06-12,4418.5548,4568.9716
2025-06-13,4406.5214,4542.1891
2025-06-16,4379.455,4519.4492
2025-06-17,4384.0378,4523.7514
2025-06-18,4374.9846,4512.0958
2025-06-19,4328.4876,4459.4341
2025-06-20,4347.9294,4475.2691
2025-06-23,4351.8974,4478.6032
2025-06-24,4377.7765,4524.4871
2025-06-25,4357.6101,4549.2018
2025-06-26,4356.404,4543.1295
2025-06-27,4374.6587,4550.4754
2025-06-30,4379.7888,4555.7446
2025-07-01,4400.5108,4574.4257
2025-07-02,4445.0969,4620.4715
2025-07-03,4458.3853,4626.0308
2025-07-04,4451.6326,4641.9056
2025-07-07,4433.3553,4632.6025
2025-07-08,4452.8967,4658.4978
2025-07-09,4435.0355,4626.6063
2025-07-10,4475.7526,4660.4398
2025-07-11,4486.5856,4658.7221
2025-07-14,4495.6496,4694.7721
2025-07-15,4468.9347,4687.6465
2025-07-16,4464.2045,4670.8295
2025-07-17,4467.858,4677.1035
2025-07-18,4498.5766,4698.945
2025-07-21,4575.4313,4766.1226
2025-07-22,4674.5561,4825.5107
2025-07-23,4656.7057,4811.1314
2025-07-24,4695.3157,4838.07
2025-07-25,4662.2033,4799.4873
2025-07-28,4625.8986,4778.1157
2025-07-29,4629.0286,4789.3339
2025-07-30,4648.8455,4796.7307
2025-07-31,4536.9466,4689.8857
2025-08-01,4535.8999,4700.2159
2025-08-04,4556.1681,4729.7826
2025-08-05,4593.705,4776.0663
2025-08-06,4631.8894,4787.6124
2025-08-07,4638.6398,4781.0424
2025-08-08,4662.6195,4804.5767
2025-08-11,4664.9187,4813.2604
2025-08-12,4682.4528,4844.7096
2025-08-13,4716.5335,4878.0463
2025-08-14,4677.142,4849.6389
2025-08-15,4739.0923,4924.1999
2025-08-18,4723.5718,4900.8197
2025-08-19,4718.5095,4885.4741
2025-08-20,4769.8149,4969.85
2025-08-21,4794.3109,4969.6694
2025-08-22,4808.1061,4995.4696
2025-08-25,4929.5271,5112.5085
2025-08-26,4974.732,5099.9117
2025-08-27,4867.2842,4982.5087
2025-08-28,4896.511,5029.7637
2025-08-29,4881.0399,4994.5665
2025-09-01,4910.8173,5037.2784
2025-09-02,4907.2374,5040.676
2025-09-03,4862.1798,5008.1918
2025-09-04,4773.015,4908.4409
2025-09-05,4854.0361,4990.6772
2025-09-08,4885.5257,5000.1544
2025-09-09,4872.0541,4993.9344
2025-09-10,4846.4609,4971.6422
2025-09-11,4915.837,5023.4806
2025-09-12,4932.7725,5024.796
2025-09-15,4916.8374,5027.4365
2025-09-16,4890.6361,5025.4233
2025-09-17,4914.0365,5081.4452
2025-09-18,4825.4779,5002.06
2025-09-19,4856.0473,5009.7436
2025-09-22,4797.889,4969.4087
2025-09-23,4778.3418,4955.8125
2025-09-24,4812.4585,4954.6391
2025-09-25,4815.6982,4961.7212
2025-09-26,4822.7795,4955.449
2025-09-29,4862.9039,5007.2498
2025-09-30,4887.7122,5047.3651
2025-10-09,4990.6757,5190.3759
2025-10-10,4998.818,5181.8873
2025-10-13,4967.713,5148.745
2025-10-14,4979.9379,5133.758
2025-10-15,5019.5339,5184.2044
2025-10-16,5008.1681,5153.0203
2025-10-17,4935.3605,5043.2962
2025-10-20,4951.3219,5072.6201
2025-10-21,4983.658,5117.8957
2025-10-22,4995.2246,5124.5709
2025-10-23,5046.65,5170.4121
2025-10-24,5030.7542,5192.8918
2025-10-27,5085.0197,5249.1402
2025-10-28,5039.5172,5202.5988
2025-10-29,5106.353,5264.3369
2025-10-30,5110.5207,5258.2522
2025-10-31,5085.2104,5223.4491
2025-11-03,5125.6347,5276.0115
2025-11-04,5068.7147,5225.9523
2025-11-05,5083.1686,5244.1921
2025-11-06,5182.8382,5365.456
2025-11-07,5213.8324,5383.678
2025-11-10,5291.1892,5443.4386
2025-11-11,5271.1522,5416.1039
2025-11-12,5309.1762,5428.1028
2025-11-13,5353.6835,5476.0409
2025-11-14,5304.9649,5421.0386
2025-11-17,5249.3705,5370.3089
2025-11-18,5162.2017,5271.6518
2025-11-19,5203.8556,5297.1615
2025-11-20,5172.6641,5256.8692
2025-11-21,5071.9621,5126.9785
2025-11-24,5045.686,5116.3992
2025-11-25,5076.1609,5159.0133
2025-11-26,5079.9972,5162.7278
2025-11-27,5083.4438,5163.4379
2025-11-28,5095.4632,5194.2595
2025-12-01,5177.1225,5275.4785
2025-12-02,5169.5033,5266.6295
2025-12-03,5204.0749,5288.3711
2025-12-04,5198.9944,5293.2296
2025-12-05,5256.1282,5367.5247
2025-12-08,5229.0337,5350.1309
2025-12-09,5131.2962,5250.1005
2025-12-10,5153.5355,5273.0038
2025-12-11,5118.4241,5231.2739
2025-12-12,5143.328,5269.0935
2025-12-15,5142.2781,5256.1515
2025-12-16,5097.0233,5194.9699
2025-12-17,5155.8345,5255.9268
2025-12-18,5154.4558,5255.8131
2025-12-19,5191.6123,5302.4498
2025-12-22,5198.3314,5315.0463
2025-12-23,5193.1844,5306.063
2025-12-24,5207.5585,5326.0951
2025-12-25,5201.8846,5323.5938
2025-12-26,5241.0691,5371.499
2025-12-29,5235.6321,5352.8468
2025-12-30,5268.8263,5380.1208
2025-12-31,5267.7696,5387.6018
2026-01-05,5298.791,5427.8122
2026-01-06,5407.9435,5522.0105
2026-01-07,5356.3237,5491.9296
2026-01-08,5334.4878,5483.1776
2026-01-09,5362.5095,5522.2785
2026-01-12,5373.8652,5548.5128
2026-01-13,5401.9069,5583.4412
2026-01-14,5394.9219,5568.7795
2026-01-15,5411.0973,5573.4899
2026-01-16,5371.9089,5545.7039
2026-01-19,5453.3394,5631.6519
2026-01-20,5505.8957,5675.7858
2026-01-21,5520.8051,5702.7105
2026-01-22,5573.1076,5768.2687
2026-01-23,5585.7415,5786.6751
2026-01-26,5638.8399,5838.2364
2026-01-27,5606.4963,5797.7343
2026-01-28,5726.7717,5931.2301
2026-01-29,5817.3764,5994.5882
2026-01-30,5685.2647,5873.8301
2026-02-02,5461.238,5620.2922
2026-02-03,5544.5419,5730.5227
2026-02-04,5637.9862,5822.2891
2026-02-05,5575.8278,5741.8171
2026-02-06,5566.2834,5728.3537
2026-02-09,5620.3978,5812.6503
2026-02-10,5610.2788,5815.3479
2026-02-11,5653.7327,5856.9361
2026-02-12,5644.1902,5879.6989
2026-02-13,5548.8348,5767.9022
2026-02-24,5704.8277,5956.6202
2026-02-25,5753.0319,5997.0117
2026-02-26,5752.1892,6014.1876
2026-02-27,5801.3243,6042.3032
2026-03-02,5910.8032,6154.8887
2026-03-03,5896.4324,6118.6709
2026-03-04,5842.7164,6068.0551
2026-03-05,5879.4038,6124.9077
2026-03-06,5914.6143,6145.7059
2026-03-09,5945.0417,6163.3571
2026-03-10,5902.5866,6146.424
2026-03-11,5976.0384,6202.4314
2026-03-12,6025.3675,6227.1452
2026-03-13,5964.5315,6169.0315
2026-03-16,5891.3727,6073.7845
2026-03-17,5843.6282,6015.0542
2026-03-18,5806.7232,5985.6707
2026-03-19,5731.2909,5884.563
2026-03-20,5686.2372,5826.9373
2026-03-23,5504.7909,5649.2942
2026-03-24,5579.0396,5750.3249
2026-03-25,5626.5656,5821.2919
2026-03-26,5587.311,5777.2724
2026-03-27,5611.5491,5799.0035
2026-03-30,5618.63,5825.037
2026-03-31,5564.3598,5772.9182
2026-04-01,5595.528,5813.9657
2026-04-02,5573.1767,5784.406
2026-04-03,5510.0176,5717.2886
2026-04-07,5531.1766,5732.5251
2026-04-08,5617.5612,5843.7378
2026-04-09,5595.2189,5836.7782
2026-04-10,5622.7839,5867.5246
2026-04-13,5605.2002,5844.788
2026-04-14,5613.382,5833.9659
2026-04-15,5591.7248,5806.5601
2026-04-16,5626.1415,5853.9836
2026-04-17,5582.8911,5811.9717
2026-04-20,5565.0842,5783.2298
2026-04-21,5572.3548,5785.1025
2026-04-22,5557.5991,5786.4838
2026-04-23,5553.4996,5783.8629
2026-04-24,5524.3036,5759.4934
2026-04-27,5526.005,5746.9838
2026-04-28,5553.2634,5774.729
2026-04-29,5644.8785,5872.2439
2026-04-30,5606.5728,5830.8215
2026-05-06,5596.2118,5857.4594
2026-05-07,5545.9964,5808.6508
2026-05-08,5535.7278,5788.7816
2026-05-11,5552.8389,5819.3866
2026-05-12,5506.6311,5768.3285
2026-05-13,5519.5109,5804.399
2026-05-14,5469.3858,5724.0043
2026-05-15,5408.6575,5655.8694
2026-05-18,5367.842,5574.5446
2026-05-19,5413.6937,5584.9599
2026-05-20,5360.1875,5559.5719
2026-05-21,5255.4198,5443.5673
2026-05-22,5239.741,5466.299
2026-05-25,5207.0447,5432.0921
2026-05-26,5252.9889,5470.1832
2026-05-27,5187.9303,5393.8868
2026-05-28,5144.7011,5366.3544
2026-05-29,5170.3348,5390.0191
2026-06-01,5204.4408,5415.8986
2026-06-02,5213.9105,5412.513
2026-06-03,5203.5721,5392.6466
2026-06-04,5114.4841,5306.3112
2026-06-05,5106.2398,5271.6082
2026-06-08,5024.884,5171.4598
2026-06-09,5010.2214,5162.9512
2026-06-10,4982.0945,5104.3295
2026-06-11,4959.1947,5105.4939
2026-06-12,4998.583,5175.6333
2026-06-15,5002.2099,5159.94
2026-06-16,4899.6895,5055.55
2026-06-17,4868.0987,5033.9894
2026-06-18,4824.5195,4970.1437
2026-06-22,4872.4348,5021.4915
2026-06-23,4771.7547,4903.5758
2026-06-24,4721.78,4844.7105
2026-06-25,4712.0975,4798.5565
2026-06-26,4588.3768,4672.4776
2026-06-29,4643.8578,4704.9722
2026-06-30,4612.1693,4666.4354
